bond_pair,ortalama,abs_ortalama,adet,target_column
Al-Al,-4.3627027019962264e-07,4.427700038620244e-07,26,xe_uptake_mmol_g
Al-C,-3.2048112685526455e-07,3.444330925538329e-07,438,xe_uptake_mmol_g
Al-H,-2.780359679341102e-07,2.978134306742712e-07,260,xe_uptake_mmol_g
Al-O,-2.631950507647751e-07,2.6635737850562036e-07,374,xe_uptake_mmol_g
C-C,-2.0009256008691263e-07,2.263321797501401e-07,37785,xe_uptake_mmol_g
C-Cd,-9.653653735458182e-08,1.033180677599291e-07,274,xe_uptake_mmol_g
C-Cl,-1.6945812857067195e-07,1.7329276537017673e-07,670,xe_uptake_mmol_g
C-Co,-3.164669459901901e-07,3.843387521726526e-07,7186,xe_uptake_mmol_g
C-Cr,-1.9789273207235294e-07,2.1879703264610038e-07,476,xe_uptake_mmol_g
C-Cu,-1.3292868977816252e-07,1.5259661054879224e-07,2646,xe_uptake_mmol_g
C-Er,-1.6410356763008196e-07,1.6789484730629633e-07,692,xe_uptake_mmol_g
C-Eu,-1.8535462442097836e-07,1.9711236021578988e-07,594,xe_uptake_mmol_g
C-F,-1.5340197701735587e-07,1.6026052331837253e-07,1041,xe_uptake_mmol_g
C-Fe,-1.0991934605707342e-07,1.1786810138106762e-07,808,xe_uptake_mmol_g
C-H,-1.8553265254876587e-07,2.0407282376659573e-07,34132,xe_uptake_mmol_g
C-Ho,-1.4446630393913354e-07,1.4763205322358127e-07,2067,xe_uptake_mmol_g
C-Li,-1.7315669519599665e-07,1.747514066538992e-07,272,xe_uptake_mmol_g
C-Mg,-5.985209485153201e-08,6.02603878653667e-08,208,xe_uptake_mmol_g
C-N,-2.0366900576583906e-07,2.14209978614205e-07,7924,xe_uptake_mmol_g
C-Nd,-4.6827358515535554e-08,4.873761291071091e-08,178,xe_uptake_mmol_g
C-Ni,-7.733061471810514e-08,1.2405776660450045e-07,778,xe_uptake_mmol_g
C-O,-1.352728066595324e-07,1.5199825489307634e-07,76840,xe_uptake_mmol_g
C-P,-7.831968315831656e-08,1.4204910558876587e-07,1232,xe_uptake_mmol_g
C-Pr,-3.867038293956116e-08,4.832782143654196e-08,478,xe_uptake_mmol_g
C-S,-1.2793860047964765e-07,1.2963105540216827e-07,232,xe_uptake_mmol_g
C-Sm,-6.120250069684208e-08,6.132846005572438e-08,84,xe_uptake_mmol_g
C-Sr,-6.089346326528429e-08,9.076814423219031e-08,54,xe_uptake_mmol_g
C-Tb,-1.8212702568842795e-07,1.8384367049601461e-07,626,xe_uptake_mmol_g
C-U,-2.5131385469836834e-07,2.5646750041554764e-07,262,xe_uptake_mmol_g
C-Y,-7.893447901857534e-08,8.05207009892076e-08,101,xe_uptake_mmol_g
C-Zn,-2.0394964454017422e-07,2.5699125243739444e-07,1434,xe_uptake_mmol_g
Cd-Cd,-1.193211874787418e-07,1.1932118747874183e-07,12,xe_uptake_mmol_g
Cd-H,-4.0749930045865234e-08,4.287006922644856e-08,74,xe_uptake_mmol_g
Cd-O,-9.442297670389048e-08,9.58538947586305e-08,240,xe_uptake_mmol_g
Cl-Cl,-6.20569187205098e-08,6.653676798650899e-08,167,xe_uptake_mmol_g
Cl-Fe,-9.507881622680823e-08,1.22676400824405e-07,372,xe_uptake_mmol_g
Cl-O,-1.5432329691378223e-07,1.6596417954222764e-07,1597,xe_uptake_mmol_g
Co-Co,-4.7268300546897235e-07,5.42417884126907e-07,772,xe_uptake_mmol_g
Co-H,-1.430999827332369e-07,1.6586069994268861e-07,1871,xe_uptake_mmol_g
Co-N,-2.9008819062178727e-07,3.563936077626947e-07,211,xe_uptake_mmol_g
Co-O,-3.285714874426812e-07,3.948024914887967e-07,5613,xe_uptake_mmol_g
Co-P,-2.747291609317415e-07,4.1769561636913227e-07,204,xe_uptake_mmol_g
Cr-Cr,-2.5086017514813337e-07,2.5086017514813337e-07,26,xe_uptake_mmol_g
Cr-H,-2.0394099883902074e-07,2.3297067822751016e-07,456,xe_uptake_mmol_g
Cr-N,-2.1132509977931823e-07,2.1165932788675604e-07,44,xe_uptake_mmol_g
Cr-O,-2.709211176094729e-07,2.7314320388012917e-07,390,xe_uptake_mmol_g
Cr-Zn,-3.1807719063081664e-07,3.1807719063081664e-07,16,xe_uptake_mmol_g
Cu-Cu,4.881679488276027e-10,4.727655280295117e-08,228,xe_uptake_mmol_g
Cu-H,-1.4398955097804924e-07,1.6350777530436857e-07,1010,xe_uptake_mmol_g
Cu-N,-5.483383504359867e-07,5.483383504359866e-07,212,xe_uptake_mmol_g
Cu-O,-7.688416432549246e-08,9.768794133371473e-08,1764,xe_uptake_mmol_g
Er-Er,-2.3431566036982562e-08,2.709883402838316e-08,38,xe_uptake_mmol_g
Er-H,-1.1080120234062159e-07,1.1202564267380945e-07,556,xe_uptake_mmol_g
Er-O,-1.335502659683757e-07,1.3828153875878295e-07,1212,xe_uptake_mmol_g
Eu-Eu,2.565233050093267e-08,2.5652330500932677e-08,54,xe_uptake_mmol_g
Eu-H,-8.733964771203656e-08,8.765857497839912e-08,117,xe_uptake_mmol_g
Eu-N,-2.3045389390676427e-07,2.49138299264957e-07,270,xe_uptake_mmol_g
Eu-O,-1.4152571120110865e-07,1.489165265295987e-07,540,xe_uptake_mmol_g
F-F,-1.5151934451668274e-07,1.5962495071767334e-07,305,xe_uptake_mmol_g
F-Fe,-5.56006928411722e-08,5.761391120054398e-08,146,xe_uptake_mmol_g
F-H,-3.744623525565593e-08,5.849643659239234e-08,250,xe_uptake_mmol_g
F-Li,-1.2332191727650953e-07,1.275921225570738e-07,174,xe_uptake_mmol_g
F-N,-1.597470955542559e-07,1.680762309921113e-07,1184,xe_uptake_mmol_g
F-O,-1.2681193720866865e-07,1.30847320337332e-07,44,xe_uptake_mmol_g
Fe-Fe,-2.1733416786529533e-08,3.249161633840878e-08,180,xe_uptake_mmol_g
Fe-H,-8.255610017256794e-08,8.734456574188869e-08,341,xe_uptake_mmol_g
Fe-N,-6.801304208310277e-08,7.752255935518381e-08,401,xe_uptake_mmol_g
Fe-O,-8.143240530067708e-08,8.748444132823374e-08,1689,xe_uptake_mmol_g
H-H,-2.8788234873645614e-09,4.792852032573692e-08,11281,xe_uptake_mmol_g
H-Mg,-4.072339856194259e-08,4.229113445296318e-08,309,xe_uptake_mmol_g
H-N,-2.582721337231338e-07,2.6477344650593036e-07,5507,xe_uptake_mmol_g
H-Ni,-1.402113532369985e-07,1.5790947763929647e-07,133,xe_uptake_mmol_g
H-O,-1.0627237402050179e-07,1.1397079570460688e-07,26637,xe_uptake_mmol_g
H-P,-1.1104698900389569e-07,1.1823509017960809e-07,382,xe_uptake_mmol_g
H-Pr,-3.877438950575555e-08,3.96364428239463e-08,194,xe_uptake_mmol_g
H-S,-2.1598236115356085e-07,2.1741368218236175e-07,179,xe_uptake_mmol_g
H-Sm,-2.1503607673300083e-08,2.268073308678287e-08,68,xe_uptake_mmol_g
H-Sr,-2.6127059078662724e-08,3.752093347184203e-08,42,xe_uptake_mmol_g
H-Tb,-7.072370600074847e-08,7.111153497209082e-08,536,xe_uptake_mmol_g
H-U,-1.1410519825303774e-07,1.3025716572132345e-07,124,xe_uptake_mmol_g
H-Y,-6.52265870930682e-08,6.707987016815472e-08,113,xe_uptake_mmol_g
H-Zn,-2.427154543340797e-07,2.8966553546993825e-07,685,xe_uptake_mmol_g
Ho-Ho,-1.0251908842613285e-08,1.4372767065360335e-08,156,xe_uptake_mmol_g
Ho-O,-1.344602129775e-07,1.3663916698703577e-07,3731,xe_uptake_mmol_g
Li-Li,7.919636408997011e-09,8.698323941853936e-09,16,xe_uptake_mmol_g
Li-N,-2.466844330763074e-07,2.4804723687142705e-07,154,xe_uptake_mmol_g
Mg-Mg,-1.9129529281138356e-09,2.7466514855970033e-09,78,xe_uptake_mmol_g
Mg-N,-1.0001172775682873e-07,1.0263724668132153e-07,24,xe_uptake_mmol_g
Mg-O,-7.059804757207904e-08,7.182858903893774e-08,1404,xe_uptake_mmol_g
Mg-P,-5.2024690582638314e-08,5.605421444065831e-08,234,xe_uptake_mmol_g
Mg-S,-5.066083251052215e-09,5.066083251052215e-09,12,xe_uptake_mmol_g
N-N,-1.7875009017126018e-07,1.8893276272685168e-07,1882,xe_uptake_mmol_g
N-Nd,-4.025700518493579e-08,4.422792155606715e-08,44,xe_uptake_mmol_g
N-Ni,-1.9156273991737166e-07,1.9398553293304464e-07,186,xe_uptake_mmol_g
N-O,-1.5786433385860986e-07,1.7057141761402337e-07,3419,xe_uptake_mmol_g
N-P,-1.729994485383431e-07,1.9267089640845335e-07,300,xe_uptake_mmol_g
N-Pr,6.1543677484641645e-09,6.1543677484641645e-09,19,xe_uptake_mmol_g
N-S,-1.831981678343068e-07,1.936005723919554e-07,120,xe_uptake_mmol_g
N-Tb,-7.742255959624684e-08,7.742255959624684e-08,88,xe_uptake_mmol_g
N-Zn,-1.0815438098591793e-06,1.0815438098591793e-06,48,xe_uptake_mmol_g
Nd-Nd,-8.05072216866302e-09,1.007073045869907e-08,12,xe_uptake_mmol_g
Nd-O,-8.445337319040402e-08,8.771257059967577e-08,192,xe_uptake_mmol_g
Ni-Ni,-7.734597306576467e-08,1.5321651075778033e-07,87,xe_uptake_mmol_g
Ni-O,-1.2200165331318736e-07,1.487212603024367e-07,733,xe_uptake_mmol_g
Ni-P,-1.0645484853195886e-07,1.267734184978303e-07,200,xe_uptake_mmol_g
O-O,-7.875375960363188e-08,8.919391856202345e-08,46962,xe_uptake_mmol_g
O-P,-7.009094432995968e-08,9.475958329541169e-08,2708,xe_uptake_mmol_g
O-Pr,-7.140425207790929e-08,7.29711652653999e-08,371,xe_uptake_mmol_g
O-S,-9.231999448400524e-08,9.529886755412541e-08,123,xe_uptake_mmol_g
O-Sm,-1.23942795489107e-07,1.242468420380326e-07,90,xe_uptake_mmol_g
O-Sr,-2.6745532627750544e-07,2.760188495362313e-07,86,xe_uptake_mmol_g
O-Tb,-1.9127350233181125e-07,1.9504679455669444e-07,642,xe_uptake_mmol_g
O-U,-4.27178535415973e-07,4.3500606587493225e-07,250,xe_uptake_mmol_g
O-Y,-7.027282532602993e-08,7.216007188101031e-08,218,xe_uptake_mmol_g
O-Zn,-2.3443817327083915e-07,2.493955996720237e-07,1222,xe_uptake_mmol_g
P-P,-2.3632021364243788e-08,3.976289342387282e-08,298,xe_uptake_mmol_g
P-Sr,-4.4528999063020956e-07,4.4701444637551026e-07,16,xe_uptake_mmol_g
P-U,-3.402749706115964e-07,3.4720214730405925e-07,58,xe_uptake_mmol_g
Pr-Pr,-4.139877824993477e-08,5.153149780223743e-08,16,xe_uptake_mmol_g
S-S,-1.792225413093413e-07,1.80382255170792e-07,21,xe_uptake_mmol_g
Sm-Sm,-6.667903287294053e-08,6.667903287294053e-08,4,xe_uptake_mmol_g
Sr-Sr,-6.131813601317759e-09,6.131813601317759e-09,2,xe_uptake_mmol_g
Sr-U,-3.658492200320231e-07,3.6644623742549145e-07,26,xe_uptake_mmol_g
Tb-Tb,-1.2195610461877376e-07,1.2584358835369495e-07,24,xe_uptake_mmol_g
U-U,-1.4296297751129755e-07,1.87512824539609e-07,14,xe_uptake_mmol_g
Y-Y,4.433717707789479e-10,4.433717707789479e-10,3,xe_uptake_mmol_g
Zn-Zn,-1.3250752296084919e-07,2.2381919917187948e-07,140,xe_uptake_mmol_g
Al-Al,-5.110101309751663e-07,5.202270163651157e-07,26,kr_uptake_mmol_g
Al-C,-3.628651788959375e-07,3.87774743231903e-07,438,kr_uptake_mmol_g
Al-H,-3.193890245248512e-07,3.428486157543901e-07,260,kr_uptake_mmol_g
Al-O,-3.0395667440649146e-07,3.0717543557342107e-07,374,kr_uptake_mmol_g
C-C,-1.8186796364837468e-07,2.2407486534210055e-07,37785,kr_uptake_mmol_g
C-Cd,-1.0056168335125821e-07,1.081770087676513e-07,274,kr_uptake_mmol_g
C-Cl,-1.7967917232358114e-07,1.827284335366638e-07,670,kr_uptake_mmol_g
C-Co,-3.6856400131396644e-07,4.931860876723636e-07,7186,kr_uptake_mmol_g
C-Cr,-1.5648922996448873e-07,1.7578640926347363e-07,476,kr_uptake_mmol_g
C-Cu,-1.3517425069987357e-07,1.5377295853436796e-07,2646,kr_uptake_mmol_g
C-Er,-1.102291163980313e-07,1.1358408037281074e-07,692,kr_uptake_mmol_g
C-Eu,-1.4338535894174352e-07,1.5293329599737724e-07,594,kr_uptake_mmol_g
C-F,-1.7126388956658673e-07,1.792877748203858e-07,1041,kr_uptake_mmol_g
C-Fe,-1.2632622697534138e-07,1.3437508395029653e-07,808,kr_uptake_mmol_g
C-H,-1.5101749568430948e-07,1.7638032964223777e-07,34132,kr_uptake_mmol_g
C-Ho,-9.589634987695195e-08,1.3427013506256025e-07,2067,kr_uptake_mmol_g
C-Li,-2.012230839046683e-07,2.0307250778415033e-07,272,kr_uptake_mmol_g
C-Mg,-2.3947010652519056e-08,2.4433722221857093e-08,208,kr_uptake_mmol_g
C-N,-1.556379947689804e-07,1.6659708698240476e-07,7924,kr_uptake_mmol_g
C-Nd,-5.144228107354417e-08,5.3024808933263236e-08,178,kr_uptake_mmol_g
C-Ni,-2.381534889048459e-08,9.997218331352024e-08,778,kr_uptake_mmol_g
C-O,-1.2143280360324442e-07,1.5030125161242745e-07,76840,kr_uptake_mmol_g
C-P,-4.687394399432787e-08,1.4754697410795755e-07,1232,kr_uptake_mmol_g
C-Pr,-4.143446926246321e-08,4.634446531778451e-08,478,kr_uptake_mmol_g
C-S,-9.128233264247009e-08,9.19067794389921e-08,232,kr_uptake_mmol_g
C-Sm,-1.7753276563453336e-08,2.0487134972287564e-08,84,kr_uptake_mmol_g
C-Sr,-2.0957873921702952e-08,3.661209528039434e-08,54,kr_uptake_mmol_g
C-Tb,-1.0470474473585242e-07,1.057807837408628e-07,626,kr_uptake_mmol_g
C-U,-1.1684921118948328e-07,1.2003597106040965e-07,262,kr_uptake_mmol_g
C-Y,-3.68048753725657e-08,3.832989877586208e-08,101,kr_uptake_mmol_g
C-Zn,-1.6756121535405206e-07,3.0306817756988163e-07,1434,kr_uptake_mmol_g
Cd-Cd,-1.2413748506171867e-07,1.2413748506171864e-07,12,kr_uptake_mmol_g
Cd-H,-3.9673238713977846e-08,4.241372343886377e-08,74,kr_uptake_mmol_g
Cd-O,-9.599448661269197e-08,9.761629726022977e-08,240,kr_uptake_mmol_g
Cl-Cl,-5.3408924500274375e-08,5.639318202972352e-08,167,kr_uptake_mmol_g
Cl-Fe,-1.2360382006765348e-07,1.3642678511353947e-07,372,kr_uptake_mmol_g
Cl-O,-1.4632779285531116e-07,1.554706325124193e-07,1597,kr_uptake_mmol_g
Co-Co,-5.343281489418903e-07,6.787649736616016e-07,772,kr_uptake_mmol_g
Co-H,-1.5108189609137426e-07,1.7981048224375286e-07,1871,kr_uptake_mmol_g
Co-N,-2.62858839839298e-07,3.509144565254198e-07,211,kr_uptake_mmol_g
Co-O,-3.6729202679872475e-07,4.997876634214561e-07,5613,kr_uptake_mmol_g
Co-P,-3.3321971764815225e-07,5.710033708526712e-07,204,kr_uptake_mmol_g
Cr-Cr,-1.925984120837016e-07,1.9259841208370155e-07,26,kr_uptake_mmol_g
Cr-H,-1.5626226090626704e-07,1.809915008522581e-07,456,kr_uptake_mmol_g
Cr-N,-1.2935780571811005e-07,1.3120593023113242e-07,44,kr_uptake_mmol_g
Cr-O,-2.1384069036435048e-07,2.156126097170194e-07,390,kr_uptake_mmol_g
Cr-Zn,-1.7968024446091135e-07,1.7968024446091135e-07,16,kr_uptake_mmol_g
Cu-Cu,-9.876238683863402e-09,7.430328558049953e-08,228,kr_uptake_mmol_g
Cu-H,-1.1754345799192045e-07,1.3420482158157146e-07,1010,kr_uptake_mmol_g
Cu-N,-4.5097847679636885e-07,4.509784767963688e-07,212,kr_uptake_mmol_g
Cu-O,-7.013167784746541e-08,8.722626690675006e-08,1764,kr_uptake_mmol_g
Er-Er,-2.5556820116538688e-08,2.8041167161289777e-08,38,kr_uptake_mmol_g
Er-H,-6.595769947443102e-08,6.795084826524146e-08,556,kr_uptake_mmol_g
Er-O,-7.433522209786983e-08,7.785715142890162e-08,1212,kr_uptake_mmol_g
Eu-Eu,2.1111914800726523e-08,2.1111914800726526e-08,54,kr_uptake_mmol_g
Eu-H,-6.268104855338718e-08,6.29933325174597e-08,117,kr_uptake_mmol_g
Eu-N,-1.6462917584911356e-07,1.7973430217764022e-07,270,kr_uptake_mmol_g
Eu-O,-1.0534058281703339e-07,1.1165377730934718e-07,540,kr_uptake_mmol_g
F-F,-1.5518151379646407e-07,1.6424345327725286e-07,305,kr_uptake_mmol_g
F-Fe,-3.610272830840844e-08,3.677074679018742e-08,146,kr_uptake_mmol_g
F-H,-7.210731548729088e-09,1.5446925053902436e-08,250,kr_uptake_mmol_g
F-Li,-1.377191453435843e-07,1.4262144213635804e-07,174,kr_uptake_mmol_g
F-N,-1.3265417104248016e-07,1.4045912784246716e-07,1184,kr_uptake_mmol_g
F-O,-3.684030486881338e-08,3.7966665939451694e-08,44,kr_uptake_mmol_g
Fe-Fe,-3.3596737096003e-08,4.339383960492067e-08,180,kr_uptake_mmol_g
Fe-H,-6.835675698745225e-08,7.276713286505694e-08,341,kr_uptake_mmol_g
Fe-N,-4.094641479284157e-08,4.296196987192082e-08,401,kr_uptake_mmol_g
Fe-O,-8.40082206901034e-08,8.794394420383283e-08,1689,kr_uptake_mmol_g
H-H,-1.838409612093757e-09,3.630479429296887e-08,11281,kr_uptake_mmol_g
H-Mg,5.674876571716071e-10,2.221860857810085e-08,309,kr_uptake_mmol_g
H-N,-1.6592586403239015e-07,1.7161395684632773e-07,5507,kr_uptake_mmol_g
H-Ni,-7.441008925132198e-08,8.791848571520334e-08,133,kr_uptake_mmol_g
H-O,-7.587923655668054e-08,8.472087290314052e-08,26637,kr_uptake_mmol_g
H-P,-2.205778360819494e-08,3.805690675498682e-08,382,kr_uptake_mmol_g
H-Pr,-3.192059436673882e-08,3.2872272125273e-08,194,kr_uptake_mmol_g
H-S,-1.2665272536092547e-07,1.2699364452278973e-07,179,kr_uptake_mmol_g
H-Sm,-4.360037590281199e-09,9.731886028087253e-09,68,kr_uptake_mmol_g
H-Sr,-8.78979114103739e-09,2.3618043460114197e-08,42,kr_uptake_mmol_g
H-Tb,-3.978040833700894e-08,4.071849635675225e-08,536,kr_uptake_mmol_g
H-U,-4.648918497725755e-08,5.450116240983102e-08,124,kr_uptake_mmol_g
H-Y,-1.7114444281502423e-08,1.989625720482978e-08,113,kr_uptake_mmol_g
H-Zn,-1.5861067364956905e-07,2.1307100856532386e-07,685,kr_uptake_mmol_g
Ho-Ho,-1.7857996194623983e-08,2.9339156356241364e-08,156,kr_uptake_mmol_g
Ho-O,-1.0446633214520856e-07,1.439657966161999e-07,3731,kr_uptake_mmol_g
Li-Li,9.647940841378545e-09,1.0756294412800349e-08,16,kr_uptake_mmol_g
Li-N,-2.6207125227972877e-07,2.63681235292698e-07,154,kr_uptake_mmol_g
Mg-Mg,-1.0850200689661042e-09,1.3718992154371653e-09,78,kr_uptake_mmol_g
Mg-N,-7.472537753387225e-08,7.472537753387225e-08,24,kr_uptake_mmol_g
Mg-O,-2.0826238544372627e-08,2.4291150290643418e-08,1404,kr_uptake_mmol_g
Mg-P,-8.15245664287999e-09,1.0012302318756012e-08,234,kr_uptake_mmol_g
Mg-S,-1.5504534151000725e-08,1.5504534151000725e-08,12,kr_uptake_mmol_g
N-N,-1.2822731430250562e-07,1.3698444377620865e-07,1882,kr_uptake_mmol_g
N-Nd,-2.9628112072582255e-08,3.281446858253864e-08,44,kr_uptake_mmol_g
N-Ni,-8.922940182180233e-08,9.833756920758161e-08,186,kr_uptake_mmol_g
N-O,-1.095788448501648e-07,1.2339234561204537e-07,3419,kr_uptake_mmol_g
N-P,-1.4842357386867418e-07,1.8586765094374032e-07,300,kr_uptake_mmol_g
N-Pr,3.5426475782158503e-09,3.5426475782158503e-09,19,kr_uptake_mmol_g
N-S,-1.2962890692330697e-07,1.3049876344956025e-07,120,kr_uptake_mmol_g
N-Tb,-4.478676023529764e-08,4.561065391786831e-08,88,kr_uptake_mmol_g
N-Zn,-6.693242308397629e-07,6.693242308397629e-07,48,kr_uptake_mmol_g
Nd-Nd,-3.4621435983719916e-09,5.332071690948569e-09,12,kr_uptake_mmol_g
Nd-O,-6.412934231229397e-08,6.666141335545994e-08,192,kr_uptake_mmol_g
Ni-Ni,-6.252926636244448e-10,1.0909970142730716e-07,87,kr_uptake_mmol_g
Ni-O,-2.6492122406477237e-08,1.1038336776470071e-07,733,kr_uptake_mmol_g
Ni-P,-2.099556437537564e-08,7.755966698494433e-08,200,kr_uptake_mmol_g
O-O,-6.358222735764822e-08,7.880771569133873e-08,46962,kr_uptake_mmol_g
O-P,-3.777370966733347e-08,8.234244622954548e-08,2708,kr_uptake_mmol_g
O-Pr,-6.420796478272767e-08,6.587258747882158e-08,371,kr_uptake_mmol_g
O-S,-7.433288810919403e-08,7.623815321526605e-08,123,kr_uptake_mmol_g
O-Sm,-4.2573434586825855e-08,4.266394569062292e-08,90,kr_uptake_mmol_g
O-Sr,-8.166971121832033e-08,8.509290020958527e-08,86,kr_uptake_mmol_g
O-Tb,-1.0743518594366499e-07,1.0972123291516074e-07,642,kr_uptake_mmol_g
O-U,-1.7608989796179462e-07,1.7917393536557928e-07,250,kr_uptake_mmol_g
O-Y,-2.5184436400332496e-08,2.614287565542141e-08,218,kr_uptake_mmol_g
O-Zn,-1.7992290196672633e-07,2.6878322751813753e-07,1222,kr_uptake_mmol_g
P-P,-1.9893224344414823e-08,4.220037570011809e-08,298,kr_uptake_mmol_g
P-Sr,-1.80102048684004e-07,1.8082151799393577e-07,16,kr_uptake_mmol_g
P-U,-1.4120493076881656e-07,1.4451173439964113e-07,58,kr_uptake_mmol_g
Pr-Pr,-4.232067407350382e-08,4.8781117414908865e-08,16,kr_uptake_mmol_g
S-S,-1.47452344869575e-07,1.4864882977860815e-07,21,kr_uptake_mmol_g
Sm-Sm,-2.9356201003416517e-08,2.9356201003416514e-08,4,kr_uptake_mmol_g
Sr-Sr,-3.1415154644331977e-09,3.1415154644331977e-09,2,kr_uptake_mmol_g
Sr-U,-1.4423925789257926e-07,1.4465209517612376e-07,26,kr_uptake_mmol_g
Tb-Tb,-7.053626983425747e-08,7.292582240118566e-08,24,kr_uptake_mmol_g
U-U,-5.315352803465045e-08,7.845192216013072e-08,14,kr_uptake_mmol_g
Y-Y,-4.017751996839477e-10,4.017751996839477e-10,3,kr_uptake_mmol_g
Zn-Zn,-8.721477625198544e-08,3.4207875877799245e-07,140,kr_uptake_mmol_g
Al-Al,-1.2216002607701172e-06,1.2250710008005353e-06,26,xe_kr_selectivity
Al-C,-7.039400913265203e-07,7.366590099719494e-07,438,xe_kr_selectivity
Al-H,-6.012005130447781e-07,6.170795764875682e-07,260,xe_kr_selectivity
Al-O,-7.10261890361084e-07,7.140564179457414e-07,374,xe_kr_selectivity
C-C,-4.074174829101442e-07,4.884811996117784e-07,37785,xe_kr_selectivity
C-Cd,7.825123203703454e-08,8.617652817812376e-08,274,xe_kr_selectivity
C-Cl,-1.981480882554828e-07,3.0137895729418777e-07,670,xe_kr_selectivity
C-Co,-8.030186940747635e-07,8.720061511648064e-07,7186,xe_kr_selectivity
C-Cr,-3.8668945291947766e-07,4.100668875529539e-07,476,xe_kr_selectivity
C-Cu,-2.515229856375689e-07,3.357747744706837e-07,2646,xe_kr_selectivity
C-Er,-3.405208027449876e-08,1.2589049074686956e-07,692,xe_kr_selectivity
C-Eu,-1.9217645952625576e-07,2.040501697882369e-07,594,xe_kr_selectivity
C-F,-6.293970825706776e-09,1.647242095544614e-08,1041,xe_kr_selectivity
C-Fe,-2.4702274782849786e-07,2.944800782725786e-07,808,xe_kr_selectivity
C-H,-1.4937772401377605e-07,2.6733398053145085e-07,34132,xe_kr_selectivity
C-Ho,-7.531274062412532e-07,8.16119447550643e-07,2067,xe_kr_selectivity
C-Li,-1.2014791816036083e-08,2.3909202652510442e-08,272,xe_kr_selectivity
C-Mg,8.742395328131226e-08,9.763709344395695e-08,208,xe_kr_selectivity
C-N,-3.244011930300524e-08,1.1744660797901746e-07,7924,xe_kr_selectivity
C-Nd,-2.9787116397046405e-09,4.705093608901508e-08,178,xe_kr_selectivity
C-Ni,-4.281527688715988e-07,5.920713018650255e-07,778,xe_kr_selectivity
C-O,-2.920153302522959e-07,3.666656935304004e-07,76840,xe_kr_selectivity
C-P,-5.243122560922744e-07,6.410372095946008e-07,1232,xe_kr_selectivity
C-Pr,8.50505626506866e-08,9.187423596688015e-08,478,xe_kr_selectivity
C-S,1.2626561134484918e-07,1.632255917281594e-07,232,xe_kr_selectivity
C-Sm,2.1729207850606526e-07,2.1729207850606526e-07,84,xe_kr_selectivity
C-Sr,-4.184921495556485e-09,2.5080758645038102e-08,54,xe_kr_selectivity
C-Tb,-7.793142523683211e-09,9.771991590184436e-08,626,xe_kr_selectivity
C-U,-7.000336189164249e-07,7.188984909409701e-07,262,xe_kr_selectivity
C-Y,1.0270823798059265e-07,1.0308141343317815e-07,101,xe_kr_selectivity
C-Zn,-9.247111674162771e-07,9.598577965207805e-07,1434,xe_kr_selectivity
Cd-Cd,9.250630948661372e-08,9.250630948661372e-08,12,xe_kr_selectivity
Cd-H,2.4760338278194293e-08,4.94380831846071e-08,74,xe_kr_selectivity
Cd-O,2.0329659292060247e-08,3.7478902602712987e-08,240,xe_kr_selectivity
Cl-Cl,8.002969518354455e-08,1.3821447945857079e-07,167,xe_kr_selectivity
Cl-Fe,-3.180230871517944e-07,3.9343765169115e-07,372,xe_kr_selectivity
Cl-O,2.6070065191961888e-08,2.1271638653442483e-07,1597,xe_kr_selectivity
Co-Co,-1.0526766538059474e-06,1.1522567930325386e-06,772,xe_kr_selectivity
Co-H,-8.118618594696646e-08,2.2242291405793855e-07,1871,xe_kr_selectivity
Co-N,-5.76945389252177e-07,6.466079543873854e-07,211,xe_kr_selectivity
Co-O,-8.002496122521498e-07,8.985711839921682e-07,5613,xe_kr_selectivity
Co-P,-1.39384379270425e-06,1.4476066141327906e-06,204,xe_kr_selectivity
Cr-Cr,-6.069769389190818e-07,6.069893835285275e-07,26,xe_kr_selectivity
Cr-H,-1.9914519734686836e-07,2.4847771808611773e-07,456,xe_kr_selectivity
Cr-N,-6.710639158953716e-08,6.710639158953719e-08,44,xe_kr_selectivity
Cr-O,-5.944055284455539e-07,5.994175614486534e-07,390,xe_kr_selectivity
Cr-Zn,-1.6264413347233386e-07,1.6264413347233386e-07,16,xe_kr_selectivity
Cu-Cu,-2.801009967756771e-07,2.8768565191013553e-07,228,xe_kr_selectivity
Cu-H,2.128166154955062e-08,1.5396933776155713e-07,1010,xe_kr_selectivity
Cu-N,6.680041015045656e-08,1.958630629818823e-07,212,xe_kr_selectivity
Cu-O,-1.6297590401493908e-07,2.885916017769002e-07,1764,xe_kr_selectivity
Er-Er,-1.870660844940481e-09,4.96515045364959e-09,38,xe_kr_selectivity
Er-H,-1.496918237036129e-08,1.159223522271088e-07,556,xe_kr_selectivity
Er-O,9.587327292769373e-09,8.240095291998053e-08,1212,xe_kr_selectivity
Eu-Eu,4.710283662700687e-08,4.710283662700686e-08,54,xe_kr_selectivity
Eu-H,-6.177449801758415e-08,6.945549000058507e-08,117,xe_kr_selectivity
Eu-N,-8.541905605379037e-08,1.340398591838582e-07,270,xe_kr_selectivity
Eu-O,-1.6734399931263247e-07,1.7467780499528095e-07,540,xe_kr_selectivity
F-F,5.731691887946466e-08,6.119893490276542e-08,305,xe_kr_selectivity
F-Fe,3.6675273955536052e-09,6.751911009191645e-08,146,xe_kr_selectivity
F-H,5.996585177883152e-08,7.854676308751696e-08,250,xe_kr_selectivity
F-Li,1.9897289793919904e-08,2.4740379974571072e-08,174,xe_kr_selectivity
F-N,3.127104783480185e-08,6.044092257087153e-08,1184,xe_kr_selectivity
F-O,1.5316316410693166e-07,1.5835344492671157e-07,44,xe_kr_selectivity
Fe-Fe,-1.4487616374071908e-07,1.5421307963020855e-07,180,xe_kr_selectivity
Fe-H,4.021244623385845e-08,7.457978517901746e-08,341,xe_kr_selectivity
Fe-N,4.049509317155932e-09,6.166608186836881e-08,401,xe_kr_selectivity
Fe-O,-1.0310197131218496e-07,2.0799426846430375e-07,1689,xe_kr_selectivity
H-H,4.287798014293067e-08,7.912092358569243e-08,11281,xe_kr_selectivity
H-Mg,1.6735942532702385e-07,1.6891593460623866e-07,309,xe_kr_selectivity
H-N,6.604315744117919e-08,1.3705212523696573e-07,5507,xe_kr_selectivity
H-Ni,1.7965788997548067e-08,1.3274763620943048e-07,133,xe_kr_selectivity
H-O,-1.9730272216114434e-08,1.3523169392188554e-07,26637,xe_kr_selectivity
H-P,2.0038501324599414e-07,2.1560230023901997e-07,382,xe_kr_selectivity
H-Pr,4.181028732770753e-08,6.43828099851491e-08,194,xe_kr_selectivity
H-S,2.8923846433927047e-07,2.928571291590812e-07,179,xe_kr_selectivity
H-Sm,6.725061872577232e-08,7.789975571303357e-08,68,xe_kr_selectivity
H-Sr,4.072327077818339e-09,2.2260210342560303e-08,42,xe_kr_selectivity
H-Tb,1.611110635212263e-08,3.816004106157762e-08,536,xe_kr_selectivity
H-U,-8.290727198472989e-08,1.2647672311356266e-07,124,xe_kr_selectivity
H-Y,1.0192383139475719e-07,1.0488867537864793e-07,113,xe_kr_selectivity
H-Zn,-9.834993461110344e-08,2.344406324144229e-07,685,xe_kr_selectivity
Ho-Ho,1.7594909392707555e-07,1.7594909392707555e-07,156,xe_kr_selectivity
Ho-O,-4.240365769160046e-07,6.395135226621927e-07,3731,xe_kr_selectivity
Li-Li,-1.9286655727340785e-10,5.180000836255139e-10,16,xe_kr_selectivity
Li-N,-4.164008850793879e-08,4.311849494354178e-08,154,xe_kr_selectivity
Mg-Mg,1.001399706490602e-08,1.1623149148282536e-08,78,xe_kr_selectivity
Mg-N,7.086944204722407e-08,7.162552339475456e-08,24,xe_kr_selectivity
Mg-O,1.2965401454632863e-07,1.3273195088892747e-07,1404,xe_kr_selectivity
Mg-P,1.4984633918931768e-07,1.5453804153268456e-07,234,xe_kr_selectivity
Mg-S,2.576070935548606e-08,2.5760709355486058e-08,12,xe_kr_selectivity
N-N,2.4101080004915446e-08,8.371230185049103e-08,1882,xe_kr_selectivity
N-Nd,1.5699872518123739e-07,1.640167013546654e-07,44,xe_kr_selectivity
N-Ni,-5.763971293232699e-08,4.2706513693582334e-07,186,xe_kr_selectivity
N-O,-4.8678092002462825e-08,1.4896839171047067e-07,3419,xe_kr_selectivity
N-P,-3.679034524198451e-07,4.989994529041031e-07,300,xe_kr_selectivity
N-Pr,-1.9171696388180152e-08,2.7843963956573537e-08,19,xe_kr_selectivity
N-S,3.0409650183804703e-07,3.0527814963728546e-07,120,xe_kr_selectivity
N-Tb,1.9521086165344677e-08,3.0799033760853245e-08,88,xe_kr_selectivity
N-Zn,-4.20961549315683e-07,4.20961549315683e-07,48,xe_kr_selectivity
Nd-Nd,7.388597953507844e-08,7.64745640956706e-08,12,xe_kr_selectivity
Nd-O,2.1517440574749258e-07,2.220525858707244e-07,192,xe_kr_selectivity
Ni-Ni,-1.9107574497194077e-07,8.215040202932095e-07,87,xe_kr_selectivity
Ni-O,-3.2689586580320643e-07,7.142218778965954e-07,733,xe_kr_selectivity
Ni-P,-4.0452853262934464e-07,9.38338953025808e-07,200,xe_kr_selectivity
O-O,-6.862617829848927e-08,1.9361706823415626e-07,46962,xe_kr_selectivity
O-P,-1.817564582548265e-07,3.2708373110832733e-07,2708,xe_kr_selectivity
O-Pr,8.564444332645613e-08,8.796758253136275e-08,371,xe_kr_selectivity
O-S,2.0715248519162759e-07,2.1488810347053637e-07,123,xe_kr_selectivity
O-Sm,2.929696986490408e-07,2.936107408569989e-07,90,xe_kr_selectivity
O-Sr,2.228675212879908e-08,2.3332809844440795e-08,86,xe_kr_selectivity
O-Tb,2.2882027338805997e-08,6.579964354641429e-08,642,xe_kr_selectivity
O-U,-5.659737895574779e-07,5.748461509864466e-07,250,xe_kr_selectivity
O-Y,7.274208016483018e-08,7.435089225615e-08,218,xe_kr_selectivity
O-Zn,-6.672071869663261e-07,8.268173268658136e-07,1222,xe_kr_selectivity
P-P,-6.781598360349923e-08,1.4450591693266136e-07,298,xe_kr_selectivity
P-Sr,-6.86982729504286e-08,6.924184982421908e-08,16,xe_kr_selectivity
P-U,-6.555864456241007e-08,6.859843893002576e-08,58,xe_kr_selectivity
Pr-Pr,7.69836042274763e-08,7.69836042274763e-08,16,xe_kr_selectivity
S-S,3.849221623262283e-07,3.907339556162372e-07,21,xe_kr_selectivity
Sm-Sm,1.6772675071052845e-07,1.6772675071052845e-07,4,xe_kr_selectivity
Sr-Sr,-4.603563052985038e-09,4.603563052985038e-09,2,xe_kr_selectivity
Sr-U,-1.0042102402907838e-07,1.0117201300820155e-07,26,xe_kr_selectivity
Tb-Tb,5.392632044613303e-09,4.506840725800506e-08,24,xe_kr_selectivity
U-U,-2.647678996780333e-08,6.038632431691901e-08,14,xe_kr_selectivity
Y-Y,-1.2251270155768285e-09,1.2251270155768285e-09,3,xe_kr_selectivity
Zn-Zn,-1.5179148572923891e-06,1.5205397010528303e-06,140,xe_kr_selectivity
Al-Al,-4.345323113362605e-07,6.868001333936852e-07,26,i2_uptake_mmol_g
Al-C,-2.754248359668205e-07,3.449106281327812e-07,438,i2_uptake_mmol_g
Al-H,-2.4729238147836963e-07,3.0197568198037733e-07,260,i2_uptake_mmol_g
Al-O,-2.491142243129376e-07,3.509916608064282e-07,374,i2_uptake_mmol_g
C-C,-1.686680382451247e-07,2.1696323654182992e-07,37785,i2_uptake_mmol_g
C-Cd,-4.9621473848284716e-08,5.311923966796764e-08,274,i2_uptake_mmol_g
C-Cl,-1.704597604554285e-07,1.8145185415426874e-07,670,i2_uptake_mmol_g
C-Co,-4.902963203906024e-07,5.648731654625396e-07,7186,i2_uptake_mmol_g
C-Cr,-3.9207230071906925e-08,5.579725021002106e-08,476,i2_uptake_mmol_g
C-Cu,-1.2315143396208416e-07,1.7247445621417874e-07,2646,i2_uptake_mmol_g
C-Er,-3.045065238466603e-08,3.615115568979338e-08,692,i2_uptake_mmol_g
C-Eu,-4.190776749238317e-08,4.51551106885233e-08,594,i2_uptake_mmol_g
C-F,-1.353553130954711e-07,1.4343515809395856e-07,1041,i2_uptake_mmol_g
C-Fe,-1.416235411048087e-07,1.5635146570379072e-07,808,i2_uptake_mmol_g
C-H,-1.1546064123008477e-07,1.434563671298004e-07,34132,i2_uptake_mmol_g
C-Ho,-1.4816529613480206e-07,2.2263794498469978e-07,2067,i2_uptake_mmol_g
C-Li,-1.497496273639644e-07,1.516003541326155e-07,272,i2_uptake_mmol_g
C-Mg,-7.046540915370857e-08,7.27861772677303e-08,208,i2_uptake_mmol_g
C-N,-1.0114454813929667e-07,1.1780104630015644e-07,7924,i2_uptake_mmol_g
C-Nd,-1.8567989502495777e-09,1.5588842290944916e-08,178,i2_uptake_mmol_g
C-Ni,-1.1666317636964128e-08,1.0128926810249937e-07,778,i2_uptake_mmol_g
C-O,-1.371127609927238e-07,1.6398283399956754e-07,76840,i2_uptake_mmol_g
C-P,-8.272297196861526e-08,1.8598512785892295e-07,1232,i2_uptake_mmol_g
C-Pr,1.3879923790111135e-08,4.387346753758342e-08,478,i2_uptake_mmol_g
C-S,-1.4764505072233762e-07,1.6010067616821114e-07,232,i2_uptake_mmol_g
C-Sm,1.7054025694275224e-08,3.26787709823523e-08,84,i2_uptake_mmol_g
C-Sr,6.289171210308134e-10,1.82734455584119e-09,54,i2_uptake_mmol_g
C-Tb,-2.9400973411053993e-08,3.41590742945945e-08,626,i2_uptake_mmol_g
C-U,-9.516110165691527e-08,9.923172836497815e-08,262,i2_uptake_mmol_g
C-Y,5.265487951678685e-09,8.827924179427736e-09,101,i2_uptake_mmol_g
C-Zn,-2.5916770361415944e-07,3.620495175943553e-07,1434,i2_uptake_mmol_g
Cd-Cd,-7.803027317621058e-08,7.803027317621058e-08,12,i2_uptake_mmol_g
Cd-H,-2.8893066507497515e-08,3.092438901319527e-08,74,i2_uptake_mmol_g
Cd-O,-6.675923942262943e-08,6.797466991749029e-08,240,i2_uptake_mmol_g
Cl-Cl,-5.200324384832317e-08,6.313971895355252e-08,167,i2_uptake_mmol_g
Cl-Fe,-1.2206763920592183e-07,1.5195636956293413e-07,372,i2_uptake_mmol_g
Cl-O,-1.431632088692427e-07,1.5942172480920407e-07,1597,i2_uptake_mmol_g
Co-Co,-7.154755719346455e-07,7.684504460865559e-07,772,i2_uptake_mmol_g
Co-H,-1.4601634336780153e-07,1.8959558764938113e-07,1871,i2_uptake_mmol_g
Co-N,-3.0356591886754404e-07,3.8726265343098977e-07,211,i2_uptake_mmol_g
Co-O,-5.101526533336357e-07,5.694279957709273e-07,5613,i2_uptake_mmol_g
Co-P,-4.604782141774514e-07,6.494680854563903e-07,204,i2_uptake_mmol_g
Cr-Cr,-3.560020101276087e-08,3.560020101276088e-08,26,i2_uptake_mmol_g
Cr-H,-7.617843009709156e-08,1.223924400568824e-07,456,i2_uptake_mmol_g
Cr-N,-5.888170560020001e-08,1.0288124279369337e-07,44,i2_uptake_mmol_g
Cr-O,-6.560913664443432e-08,7.68477829618886e-08,390,i2_uptake_mmol_g
Cr-Zn,-6.806854440100096e-08,6.806854440100096e-08,16,i2_uptake_mmol_g
Cu-Cu,-3.654869177054513e-08,1.1128784576531051e-07,228,i2_uptake_mmol_g
Cu-H,-7.744846694540234e-08,9.77115431779974e-08,1010,i2_uptake_mmol_g
Cu-N,-2.636670674092825e-07,2.636670674092825e-07,212,i2_uptake_mmol_g
Cu-O,-8.57714664346193e-08,1.3663877853617233e-07,1764,i2_uptake_mmol_g
Er-Er,-1.3463273909024227e-08,1.3982024903231626e-08,38,i2_uptake_mmol_g
Er-H,-2.9351754658242225e-08,3.2269867476537935e-08,556,i2_uptake_mmol_g
Er-O,-4.541740807122264e-08,4.736818262345651e-08,1212,i2_uptake_mmol_g
Eu-Eu,4.312833693057119e-10,1.2878196433120916e-09,54,i2_uptake_mmol_g
Eu-H,-3.130954069853795e-08,3.1618102583792476e-08,117,i2_uptake_mmol_g
Eu-N,-9.778427492239034e-08,1.2542314673718826e-07,270,i2_uptake_mmol_g
Eu-O,-2.457342803871914e-08,5.400326473037702e-08,540,i2_uptake_mmol_g
F-F,-1.3412399009386081e-07,1.4296198493879057e-07,305,i2_uptake_mmol_g
F-Fe,-2.221177787873584e-08,4.171128756558229e-08,146,i2_uptake_mmol_g
F-H,-1.912581849313755e-08,4.64327892621852e-08,250,i2_uptake_mmol_g
F-Li,-1.0421578013992912e-07,1.0819176388038628e-07,174,i2_uptake_mmol_g
F-N,-1.3078211994461757e-07,1.4106383641575835e-07,1184,i2_uptake_mmol_g
F-O,-9.476928288787435e-08,9.760592460535246e-08,44,i2_uptake_mmol_g
Fe-Fe,-2.3245883874070055e-08,5.777699015790486e-08,180,i2_uptake_mmol_g
Fe-H,-4.3836035550442763e-08,5.5304313833382304e-08,341,i2_uptake_mmol_g
Fe-N,-1.1763758993458563e-08,4.611595488521313e-08,401,i2_uptake_mmol_g
Fe-O,-1.1235197763572926e-07,1.2420208213517584e-07,1689,i2_uptake_mmol_g
H-H,-1.4923065985910267e-08,3.379092364320265e-08,11281,i2_uptake_mmol_g
H-Mg,-3.6259324162192964e-08,4.7531373186586966e-08,309,i2_uptake_mmol_g
H-N,-1.2470604536889032e-07,1.4063584777148308e-07,5507,i2_uptake_mmol_g
H-Ni,-6.730825943137095e-08,1.0835070410717123e-07,133,i2_uptake_mmol_g
H-O,-7.438082055149544e-08,8.461343050719673e-08,26637,i2_uptake_mmol_g
H-P,-5.860637024692605e-08,7.480079226959943e-08,382,i2_uptake_mmol_g
H-Pr,-1.7840358969876516e-08,1.8637281222177318e-08,194,i2_uptake_mmol_g
H-S,-3.441559762616047e-07,4.0623658757806867e-07,179,i2_uptake_mmol_g
H-Sm,-3.288416201718498e-09,5.391135148229225e-09,68,i2_uptake_mmol_g
H-Sr,1.1716423912878585e-08,1.3804521017891064e-08,42,i2_uptake_mmol_g
H-Tb,-1.4076945892811106e-08,1.947422770796675e-08,536,i2_uptake_mmol_g
H-U,-4.560204986741658e-09,3.0490760210247945e-08,124,i2_uptake_mmol_g
H-Y,-2.1914193943284705e-08,2.6323002386141606e-08,113,i2_uptake_mmol_g
H-Zn,-1.2341290760072204e-07,1.7852387859328467e-07,685,i2_uptake_mmol_g
Ho-Ho,1.7056422017789286e-08,3.6341254906223897e-08,156,i2_uptake_mmol_g
Ho-O,-1.6165996505149228e-07,2.337393341195615e-07,3731,i2_uptake_mmol_g
Li-Li,7.827319229575248e-09,7.887576956508435e-09,16,i2_uptake_mmol_g
Li-N,-2.291815556654181e-07,2.308770791613364e-07,154,i2_uptake_mmol_g
Mg-Mg,1.1042904585984034e-08,1.1042904585984034e-08,78,i2_uptake_mmol_g
Mg-N,-1.245385574518328e-07,1.5594520143361972e-07,24,i2_uptake_mmol_g
Mg-O,-5.909855837504571e-08,6.178332310718453e-08,1404,i2_uptake_mmol_g
Mg-P,-3.884851763738183e-08,4.77937344252819e-08,234,i2_uptake_mmol_g
Mg-S,3.08816407668111e-08,3.5735165526684655e-08,12,i2_uptake_mmol_g
N-N,-1.0230250072052156e-07,1.1066063916086347e-07,1882,i2_uptake_mmol_g
N-Nd,-3.396265457322051e-08,6.036449974708992e-08,44,i2_uptake_mmol_g
N-Ni,-1.0021199985895666e-07,1.0825664633767228e-07,186,i2_uptake_mmol_g
N-O,-9.421191137817776e-08,1.0947915060343268e-07,3419,i2_uptake_mmol_g
N-P,-1.8830569665693557e-07,2.2700471896465914e-07,300,i2_uptake_mmol_g
N-Pr,-3.890516495221406e-09,6.241304772126062e-09,19,i2_uptake_mmol_g
N-S,-2.1322665244289753e-07,2.883955095076459e-07,120,i2_uptake_mmol_g
N-Tb,-1.945544820641924e-08,2.0364633488972125e-08,88,i2_uptake_mmol_g
N-Zn,-3.169829541775175e-07,3.386932871829451e-07,48,i2_uptake_mmol_g
Nd-Nd,1.1672071974135751e-08,1.1672071974135748e-08,12,i2_uptake_mmol_g
Nd-O,-9.642385569329241e-08,1.0080772226001371e-07,192,i2_uptake_mmol_g
Ni-Ni,-2.1277819463236994e-08,1.4337871061069022e-07,87,i2_uptake_mmol_g
Ni-O,-6.758047935994455e-08,1.1936187301809974e-07,733,i2_uptake_mmol_g
Ni-P,-6.396207271103238e-08,1.5847954239195384e-07,200,i2_uptake_mmol_g
O-O,-7.772677358912939e-08,9.32939882125655e-08,46962,i2_uptake_mmol_g
O-P,-7.233109480894628e-08,1.0253742273439016e-07,2708,i2_uptake_mmol_g
O-Pr,-2.8388675554619468e-08,3.711081338834572e-08,371,i2_uptake_mmol_g
O-S,-5.004665621082152e-08,6.54502466678134e-08,123,i2_uptake_mmol_g
O-Sm,-4.020762377796336e-08,4.0280003688176866e-08,90,i2_uptake_mmol_g
O-Sr,-4.3290444972375574e-08,4.66289913012363e-08,86,i2_uptake_mmol_g
O-Tb,-6.127278856125911e-08,6.221963203030927e-08,642,i2_uptake_mmol_g
O-U,-1.3639320216934093e-07,1.4056374040710415e-07,250,i2_uptake_mmol_g
O-Y,-2.6199404635128354e-08,2.798629815497622e-08,218,i2_uptake_mmol_g
O-Zn,-3.13904712706332e-07,3.466190171586085e-07,1222,i2_uptake_mmol_g
P-P,-8.492224861470559e-09,5.457763956389206e-08,298,i2_uptake_mmol_g
P-Sr,-1.434638747305672e-08,1.444320996490478e-08,16,i2_uptake_mmol_g
P-U,-5.315096151685262e-09,1.4508790124280423e-08,58,i2_uptake_mmol_g
Pr-Pr,2.162381151915582e-09,2.1705962216511664e-08,16,i2_uptake_mmol_g
S-S,-1.0371678296219215e-07,1.0371678296219215e-07,21,i2_uptake_mmol_g
Sm-Sm,-6.245366779289441e-09,6.24536677928944e-09,4,i2_uptake_mmol_g
Sr-Sr,-7.544943420034754e-11,7.544943420034754e-11,2,i2_uptake_mmol_g
Sr-U,-2.4680812603481883e-09,1.1814066833106053e-08,26,i2_uptake_mmol_g
Tb-Tb,-2.8581430248688272e-08,2.8679561014701337e-08,24,i2_uptake_mmol_g
U-U,-5.3052726602758665e-09,5.307823648653805e-09,14,i2_uptake_mmol_g
Y-Y,-1.049686582099696e-09,1.049686582099696e-09,3,i2_uptake_mmol_g
Zn-Zn,-3.197647942820054e-07,4.732670770072967e-07,140,i2_uptake_mmol_g
