fold,sample_id,base_mof_id,mof_name,n_cekirdek,n_toplam,cekirdek_atom_orani,odul,cekirdek_atomlar,taban_tahmin_xe_uptake_mmol_g,cekirdek_tahmin_xe_uptake_mmol_g,taban_tahmin_kr_uptake_mmol_g,cekirdek_tahmin_kr_uptake_mmol_g,taban_tahmin_xe_kr_selectivity,cekirdek_tahmin_xe_kr_selectivity,taban_tahmin_i2_uptake_mmol_g,cekirdek_tahmin_i2_uptake_mmol_g
1,finetune_000005_v00,finetune_000005,CuHC4O3,100,102,0.9803921568627451,-2.00053171813488,"0,1,2,4,5,6,7,8,9,10,11,12,13,14,15,16,17,18,19,20,21,22,23,24,25,26,27,28,29,30,31,32,33,34,35,36,37,38,39,40,41,42,43,45,46,47,48,49,50,51,52,53,54,55,56,57,58,59,60,61,62,63,64,65,66,67,68,69,70,71,72,73,74,75,76,77,78,79,80,81,82,83,84,85,86,87,88,89,90,91,92,93,94,95,96,97,98,99,100,101",-0.16121380031108856,-0.16191886365413666,-0.1924183964729309,-0.19315671920776367,-0.387826144695282,-0.3876378834247589,-0.3946526348590851,-0.39514783024787903
1,finetune_000025_v00,finetune_000025,Ho(CO2)4,91,93,0.978494623655914,-1.8222597014904023,"0,1,2,3,4,5,6,7,9,10,11,12,13,14,15,16,17,18,19,20,21,22,23,24,25,26,27,28,29,30,31,32,33,34,35,36,37,38,39,40,41,42,43,44,45,46,47,48,49,50,51,52,53,54,55,56,57,58,59,60,61,62,63,64,65,66,67,68,69,70,71,72,73,74,75,76,77,78,79,80,81,83,84,85,86,87,88,89,90,91,92",0.685601532459259,0.6882457137107849,0.6758372783660889,0.6781342029571533,1.2471678256988525,1.2453265190124512,0.27539002895355225,0.27764660120010376
1,finetune_000192_v00,finetune_000192,ZnCrH18C14(N2O)2,137,139,0.9856115107913669,-2.7402804249525072,"0,1,2,3,4,5,6,7,8,9,10,11,12,13,14,15,16,17,18,19,20,22,23,24,25,26,27,28,29,30,31,32,33,34,35,36,37,38,39,40,41,42,43,44,45,46,47,48,49,50,51,52,53,54,55,56,57,58,59,60,61,62,63,65,66,67,68,69,70,71,72,73,74,75,76,77,78,79,80,81,82,83,84,85,86,87,88,89,90,91,92,93,94,95,96,97,98,99,100,101,102,103,104,105,106,107,108,109,110,111,112,113,114,115,116,117,118,119,120,121,122,123,124,125,126,127,128,129,130,131,132,133,134,135,136,137,138",-0.7054619193077087,-0.7059677243232727,-0.7254757881164551,-0.72578364610672,-0.6536617875099182,-0.6538666486740112,-0.8057892322540283,-0.8056860566139221
1,finetune_000231_v00,finetune_000231,NiPC3NO3,92,94,0.9787234042553191,-1.840595536082983,"0,1,2,3,5,6,7,8,9,10,11,12,13,14,15,16,17,18,19,20,21,22,23,24,25,26,27,28,29,30,31,32,33,34,35,36,37,38,39,40,41,42,43,44,45,46,47,48,49,50,51,52,53,54,55,56,57,58,59,60,61,62,63,64,65,66,67,68,69,70,71,72,73,74,75,76,77,78,79,80,81,82,83,84,85,86,87,89,90,91,92,93",0.2389533668756485,0.23942996561527252,0.24165906012058258,0.24177856743335724,-0.07969018816947937,-0.07948793470859528,0.001790456473827362,0.00337422639131546
1,finetune_000073_v00,finetune_000073,CoHC4O3,98,100,0.98,-1.9601912377774715,"0,1,2,4,5,6,7,8,9,10,11,12,13,14,16,17,18,19,20,21,22,23,24,25,26,27,28,29,30,31,32,33,34,35,36,37,38,39,40,41,42,43,44,45,46,47,48,49,50,51,52,53,54,55,56,57,58,59,60,61,62,63,64,65,66,67,68,69,70,71,72,73,74,75,76,77,78,79,80,81,82,83,84,85,86,87,88,89,90,91,92,93,94,95,96,97,98,99",0.6835223436355591,0.6834363341331482,0.6564380526542664,0.6561625003814697,0.050569094717502594,0.05018303543329239,0.3372381925582886,0.3372555673122406
1,finetune_000278_v00,finetune_000278,UH2(C5O4)2,70,72,0.9722222222222222,-1.4013786405324937,"0,1,3,4,5,6,7,8,9,10,12,13,14,15,16,17,18,19,20,21,22,23,24,25,26,27,28,29,30,31,32,33,34,35,36,37,38,39,40,41,42,43,44,45,46,47,48,49,50,51,52,53,54,55,56,57,58,59,60,61,62,63,64,65,66,67,68,69,70,71",0.5004693269729614,0.502260148525238,0.5003036260604858,0.5014224648475647,0.7257807850837708,0.7238308787345886,0.12358980625867844,0.12424475699663162
1,finetune_000175_v00,finetune_000175,CoHC4O3,98,100,0.98,-1.9605243681371212,"0,1,2,3,4,5,6,7,8,9,10,11,12,13,14,15,16,17,18,19,20,21,22,24,25,26,27,28,29,30,31,32,33,34,35,36,37,38,39,40,41,42,43,44,45,46,47,48,49,50,51,52,53,54,55,56,57,58,59,60,61,62,63,64,65,66,67,68,70,71,72,73,74,75,76,77,78,79,80,81,82,83,84,85,86,87,88,89,90,91,92,93,94,95,96,97,98,99",0.6835223436355591,0.6835436820983887,0.6564380526542664,0.6563228368759155,0.0505690798163414,0.04868689924478531,0.3372381925582886,0.33731693029403687
1,finetune_000237_v00,finetune_000237,CuH8(C2N)4,125,127,0.984251968503937,-2.5004155933856964,"0,1,2,3,4,5,6,7,8,9,10,11,12,13,14,15,16,17,18,19,20,21,22,24,25,26,27,28,29,30,31,32,33,34,35,36,37,38,39,40,41,42,43,44,45,46,47,48,49,50,51,52,53,54,55,56,57,58,59,60,61,62,63,64,65,66,67,68,69,70,71,72,73,74,75,76,77,78,79,80,81,82,83,84,85,86,87,88,89,90,91,92,93,94,95,96,97,98,99,100,101,102,103,104,105,106,107,108,109,110,111,112,113,114,115,116,117,118,119,120,121,123,124,125,126",-1.0103424787521362,-1.0106768608093262,-1.0049258470535278,-1.0052250623703003,-0.8001519441604614,-0.8009475469589233,-1.0015712976455688,-1.0013381242752075
1,finetune_000063_v00,finetune_000063,EuHC6N2O5,100,102,0.9803921568627451,-2.0006950199604034,"0,1,2,4,5,6,7,8,9,10,11,12,13,14,15,16,17,18,19,20,21,22,23,24,25,26,27,28,29,30,31,32,33,34,35,36,37,38,39,40,41,42,43,44,45,46,48,49,50,51,52,53,54,55,56,57,58,59,60,61,62,63,64,65,66,67,68,69,70,71,72,73,74,75,76,77,78,79,80,81,82,83,84,85,86,87,88,89,90,91,92,93,94,95,96,97,98,99,100,101",-1.1984821557998657,-1.1974153518676758,-1.1801117658615112,-1.1798348426818848,-0.8877370357513428,-0.888496994972229,-1.2331044673919678,-1.2324280738830566
1,finetune_000289_v00,finetune_000289,TbH8C8(NO3)2,170,172,0.9883720930232558,-3.400056579709053,"0,1,2,3,4,5,6,7,9,10,11,12,13,14,15,16,17,18,19,20,21,22,23,24,25,26,27,28,29,30,31,32,33,34,35,36,37,38,39,40,41,42,43,44,45,46,47,48,49,50,51,52,53,54,55,56,57,58,59,60,61,62,63,64,65,66,67,68,69,70,71,72,73,74,75,76,77,78,79,80,81,82,83,84,86,87,88,89,90,91,92,93,94,95,96,97,98,99,100,101,102,103,104,105,106,107,108,109,110,111,112,113,114,115,116,117,118,119,120,121,122,123,124,125,126,127,128,129,130,131,132,133,134,135,136,137,138,139,140,141,142,143,144,145,146,147,148,149,150,151,152,153,154,155,156,157,158,159,160,161,162,163,164,165,166,167,168,169,170,171",-1.2717695236206055,-1.271843671798706,-1.2663713693618774,-1.2664355039596558,-0.9598393440246582,-0.9597870707511902,-1.2278907299041748,-1.2279263734817505
1,finetune_000233_v00,finetune_000233,CoHC4O3,98,100,0.98,-1.9603470964729786,"0,1,2,4,5,6,7,8,9,10,11,12,13,14,15,16,17,18,19,20,21,22,23,24,25,26,27,28,29,30,31,32,33,34,35,36,37,38,39,40,41,42,43,44,45,46,47,48,49,50,51,52,53,54,55,56,57,58,59,60,61,62,63,64,65,67,68,69,70,71,72,73,74,75,76,77,78,79,80,81,82,83,84,85,86,87,88,89,90,91,92,93,94,95,96,97,98,99",0.6835223436355591,0.6834561228752136,0.6564380526542664,0.6562212705612183,0.0505690798163414,0.04948008805513382,0.33723822236061096,0.3372545540332794
1,finetune_000239_v00,finetune_000239,ZnHC4O3,88,90,0.9777777777777777,-1.7614381185173988,"0,1,2,4,5,6,7,9,10,11,12,13,14,15,16,17,18,19,20,21,22,23,24,25,26,27,28,29,30,31,32,33,34,35,36,37,38,39,40,41,42,43,44,45,46,47,48,49,50,51,52,53,54,55,56,57,58,59,60,61,62,63,64,65,66,67,68,69,70,71,72,73,74,75,76,77,78,79,80,81,82,83,84,85,86,87,88,89",0.7316133379936218,0.7307841181755066,0.7270405888557434,0.7259443998336792,0.2504309415817261,0.25347739458084106,0.37101686000823975,0.3702360987663269
1,finetune_000164_v00,finetune_000164,TbH8C8(NO3)2,170,172,0.9883720930232558,-3.400041604042053,"0,1,2,3,4,5,6,7,9,10,11,12,13,14,15,16,17,18,20,21,22,23,24,25,26,27,28,29,30,31,32,33,34,35,36,37,38,39,40,41,42,43,44,45,46,47,48,49,50,51,52,53,54,55,56,57,58,59,60,61,62,63,64,65,66,67,68,69,70,71,72,73,74,75,76,77,78,79,80,81,82,83,84,85,86,87,88,89,90,91,92,93,94,95,96,97,98,99,100,101,102,103,104,105,106,107,108,109,110,111,112,113,114,115,116,117,118,119,120,121,122,123,124,125,126,127,128,129,130,131,132,133,134,135,136,137,138,139,140,141,142,143,144,145,146,147,148,149,150,151,152,153,154,155,156,157,158,159,160,161,162,163,164,165,166,167,168,169,170,171",-1.2717695236206055,-1.2718086242675781,-1.2663713693618774,-1.2664130926132202,-0.9598393440246582,-0.9597710371017456,-1.2278907299041748,-1.2279080152511597
1,finetune_000017_v00,finetune_000017,CoH9C13(N2O)2,144,146,0.9863013698630136,-2.880210464000702,"0,1,2,3,4,6,7,8,9,10,11,12,13,14,15,16,17,18,19,20,21,22,23,24,25,26,27,28,29,30,31,32,33,34,35,36,37,38,39,40,41,42,43,44,45,46,47,48,49,50,51,52,53,55,56,57,58,59,60,61,62,63,64,65,66,67,68,69,70,71,72,73,74,75,76,77,78,79,80,81,82,83,84,85,86,87,88,89,90,91,92,93,94,95,96,97,98,99,100,101,102,103,104,105,106,107,108,109,110,111,112,113,114,115,116,117,118,119,120,121,122,123,124,125,126,127,128,129,130,131,132,133,134,135,136,137,138,139,140,141,142,143,144,145",-1.1320064067840576,-1.1320502758026123,-1.1599558591842651,-1.1598504781723022,-0.9223328828811646,-0.9225211143493652,-1.1540958881378174,-1.153591513633728
1,finetune_000250_v00,finetune_000250,ErH4(CO2)4,133,135,0.9851851851851852,-2.660053569674492,"0,1,2,3,4,5,6,7,8,9,10,11,12,13,14,16,17,18,19,20,21,22,23,24,25,26,27,28,29,30,31,32,33,34,35,36,37,38,39,40,41,42,43,44,45,46,47,48,49,50,51,52,53,54,55,56,57,58,59,60,61,62,64,65,66,67,68,69,70,71,72,73,74,75,76,77,78,79,80,81,82,83,84,85,86,87,88,89,90,91,92,93,94,95,96,97,98,99,100,101,102,103,104,105,106,107,108,109,110,111,112,113,114,115,116,117,118,119,120,121,122,123,124,125,126,127,128,129,130,131,132,133,134",-1.3086557388305664,-1.3085970878601074,-1.259259819984436,-1.2593415975570679,-0.9685203433036804,-0.9684773683547974,-1.2343281507492065,-1.2343590259552002
1,finetune_000078_v00,finetune_000078,ZnCrH18C14(N2O)2,137,139,0.9856115107913669,-2.740288173556328,"0,1,2,3,4,5,6,7,8,9,10,11,12,13,14,15,16,17,18,19,20,21,23,24,25,26,27,29,30,31,32,33,34,35,36,37,38,39,40,41,42,43,44,45,46,47,48,49,50,51,52,53,54,55,56,57,58,59,60,61,62,63,64,65,66,67,68,69,70,71,72,73,74,75,76,77,78,79,80,81,82,83,84,85,86,87,88,89,90,91,92,93,94,95,96,97,98,99,100,101,102,103,104,105,106,107,108,109,110,111,112,113,114,115,116,117,118,119,120,121,122,123,124,125,126,127,128,129,130,131,132,133,134,135,136,137,138",-0.7054619789123535,-0.7059867978096008,-0.7254757881164551,-0.7257951498031616,-0.653661847114563,-0.6538661122322083,-0.8057891726493835,-0.8056849241256714
1,finetune_000045_v00,finetune_000045,ErH4(CO2)4,133,135,0.9851851851851852,-2.66009161233902,"0,1,2,3,4,5,6,7,8,9,11,12,13,14,15,16,17,18,19,20,21,22,23,24,25,26,27,28,29,30,32,33,34,35,36,37,38,39,40,41,42,43,44,45,46,47,48,49,50,51,52,53,54,55,56,57,58,59,60,61,62,63,64,65,66,67,68,69,70,71,72,73,74,75,76,77,78,79,80,81,82,83,84,85,86,87,88,89,90,91,92,93,94,95,96,97,98,99,100,101,102,103,104,105,106,107,108,109,110,111,112,113,114,115,116,117,118,119,120,121,122,123,124,125,126,127,128,129,130,131,132,133,134",-1.3086556196212769,-1.3087661266326904,-1.259259819984436,-1.2594255208969116,-0.9685202836990356,-0.9685078859329224,-1.234328031539917,-1.234405755996704
1,finetune_000033_v00,finetune_000033,NiH2(C5O4)2,111,113,0.9823008849557522,-2.220146970152855,"0,1,2,3,4,5,6,7,8,9,10,11,12,14,15,16,17,18,19,20,21,22,23,24,25,26,27,28,29,30,31,32,33,34,35,36,37,38,39,40,41,42,43,44,46,47,48,49,50,51,52,53,54,55,56,57,58,59,60,61,62,63,64,65,66,67,68,69,70,71,72,73,74,75,76,77,78,79,80,81,82,83,84,85,86,87,88,89,90,91,92,93,94,95,96,97,98,99,100,101,102,103,104,105,106,107,108,109,110,111,112",-0.6868296265602112,-0.6865236759185791,-0.7112138271331787,-0.7113885283470154,-0.5973300933837891,-0.5974118709564209,-0.8239481449127197,-0.8239736557006836
1,finetune_000215_v00,finetune_000215,Ho(CO2)4,91,93,0.978494623655914,-1.8216577541828156,"0,1,4,5,6,7,8,9,10,11,12,13,14,15,16,17,18,19,20,21,22,23,24,25,26,27,28,29,30,31,32,33,34,35,36,37,38,39,40,41,42,43,44,45,46,47,48,49,50,51,52,53,54,55,56,57,58,59,60,61,62,63,64,65,66,67,68,69,70,71,72,73,74,75,76,77,78,79,80,81,82,83,84,85,86,87,88,89,90,91,92",0.685601532459259,0.6847798824310303,0.6758372783660889,0.6757476329803467,1.2471678256988525,1.2437009811401367,0.27538996934890747,0.2731371223926544
1,finetune_000024_v00,finetune_000024,TbH2C5O6,108,110,0.9818181818181818,-2.160181555747986,"0,1,2,3,4,5,6,8,9,10,11,12,13,14,15,16,17,18,19,20,21,22,23,24,25,26,27,28,29,30,31,32,33,34,35,36,37,38,39,40,41,42,43,44,45,46,47,48,49,50,51,52,53,54,55,56,57,58,59,60,61,62,63,64,65,66,67,68,69,70,71,72,73,74,75,76,77,78,79,80,81,82,83,84,85,86,88,89,90,91,92,93,94,95,96,97,98,99,100,101,102,103,104,105,106,107,108,109",-1.2185900211334229,-1.2183864116668701,-1.2205990552902222,-1.2205678224563599,-0.9615839719772339,-0.9610997438430786,-1.2377479076385498,-1.2377550601959229
2,finetune_000006_v00,finetune_000006,Ho(CO2)4,91,93,0.978494623655914,-1.8229387623071671,"0,1,2,3,4,5,6,7,8,9,10,11,13,14,15,16,17,18,19,20,21,22,23,24,25,26,27,28,29,30,31,32,33,34,35,36,37,38,39,40,41,42,43,44,45,46,47,48,49,50,51,52,53,54,55,56,57,58,59,60,61,62,63,64,65,66,67,68,69,70,71,72,73,74,75,76,77,79,80,81,82,83,84,85,86,87,88,89,90,91,92",0.5825580358505249,0.582612156867981,0.5524207353591919,0.5535827875137329,1.1661956310272217,1.162152647972107,0.2565549910068512,0.25005921721458435
2,finetune_000019_v00,finetune_000019,CoHC4O3,98,100,0.98,-1.9618129171803593,"0,1,2,3,4,5,6,8,9,10,11,12,13,14,15,16,17,18,19,20,21,22,23,24,25,26,27,28,30,31,32,33,34,35,36,37,38,39,40,41,42,43,44,45,46,47,48,49,50,51,52,53,54,55,56,57,58,59,60,61,62,63,64,65,66,67,68,69,70,71,72,73,74,75,76,77,78,79,80,81,82,83,84,85,86,87,88,89,90,91,92,93,94,95,96,97,98,99",0.5769280195236206,0.5791102647781372,0.5922422409057617,0.5943202972412109,0.05194574594497681,0.050674259662628174,0.2882426381111145,0.2865227162837982
2,finetune_000173_v00,finetune_000173,ErH4(CO2)4,133,135,0.9851851851851852,-2.6602395510673524,"0,1,2,3,4,5,6,7,8,9,10,11,12,13,15,16,17,18,19,20,21,22,23,24,25,26,27,28,29,30,31,33,34,35,36,37,38,39,40,41,42,43,44,45,46,47,48,49,50,51,52,53,54,55,56,57,58,59,60,61,62,63,64,65,66,67,68,69,70,71,72,73,74,75,76,77,78,79,80,81,82,83,84,85,86,87,88,89,90,91,92,93,94,95,96,97,98,99,100,101,102,103,104,105,106,107,108,109,110,111,112,113,114,115,116,117,118,119,120,121,122,123,124,125,126,127,128,129,130,131,132,133,134",-1.1843684911727905,-1.1839418411254883,-1.1646705865859985,-1.1644971370697021,-0.8756935000419617,-0.8758272528648376,-1.2026076316833496,-1.202831745147705
2,finetune_000206_v00,finetune_000206,Ho(CO2)4,91,93,0.978494623655914,-1.8227937218546868,"0,1,3,4,5,6,7,8,9,10,11,12,13,14,15,16,17,18,19,20,21,22,23,24,25,26,27,28,29,30,31,32,33,34,35,36,37,38,39,40,41,42,43,44,45,46,47,48,49,50,51,52,53,54,55,56,57,58,59,60,61,62,63,64,65,66,67,68,69,70,71,72,73,74,75,76,77,78,79,80,81,82,84,85,86,87,88,89,90,91,92",0.5825580358505249,0.5824465751647949,0.5524207353591919,0.5534247159957886,1.1661956310272217,1.1628530025482178,0.2565549910068512,0.24983817338943481
2,finetune_000067_v00,finetune_000067,CuHC4O3,100,102,0.9803921568627451,-2.0008854418992996,"0,1,2,3,4,6,7,8,9,10,11,12,13,14,15,16,17,18,19,20,21,22,23,24,25,26,27,28,29,30,31,32,34,35,36,37,38,39,40,41,42,43,44,45,46,47,48,49,50,51,52,53,54,55,56,57,58,59,60,61,62,63,64,65,66,67,68,69,70,71,72,73,74,75,76,77,78,79,80,81,82,83,84,85,86,87,88,89,90,91,92,93,94,95,96,97,98,99,100,101",-0.20894595980644226,-0.2078368365764618,-0.21029524505138397,-0.20924057066440582,-0.24017702043056488,-0.24015016853809357,-0.4174894094467163,-0.41884055733680725
2,finetune_000262_v00,finetune_000262,Fe2C4Cl2O9,85,87,0.9770114942528736,-1.703541911020875,"1,2,3,4,5,6,7,8,9,10,11,12,13,14,15,16,17,18,19,20,21,22,23,24,25,26,27,28,29,31,32,33,34,35,36,37,38,39,40,41,42,43,44,45,46,47,48,49,50,51,52,53,54,55,56,57,58,59,60,61,62,63,64,65,66,67,68,69,70,71,72,73,74,75,76,77,78,79,80,81,82,83,84,85,86",-0.07454951107501984,-0.07206235826015472,-0.07686787098646164,-0.07459927350282669,0.2094360738992691,0.2036600112915039,-0.306201696395874,-0.30983754992485046
2,finetune_000147_v00,finetune_000147,Ho(CO2)4,91,93,0.978494623655914,-1.8234604519605637,"0,1,3,4,5,6,7,8,9,10,11,12,13,14,15,16,17,18,19,20,21,22,23,24,25,26,27,28,29,30,31,32,33,34,35,36,37,38,39,40,41,42,43,44,45,46,47,48,49,50,51,52,53,54,55,56,57,58,59,60,61,62,63,64,65,66,67,68,69,70,71,72,73,74,76,77,78,79,80,81,82,83,84,85,86,87,88,89,90,91,92",0.5825580358505249,0.5838487148284912,0.5524207353591919,0.5547497272491455,1.1661956310272217,1.1601735353469849,0.2565549910068512,0.2523549795150757
2,finetune_000228_v00,finetune_000228,Ho(CO2)4,91,93,0.978494623655914,-1.8229708668589593,"0,1,2,3,5,6,7,8,9,10,11,12,13,14,15,16,17,18,19,20,21,23,24,25,26,27,28,29,30,31,32,33,34,35,36,37,38,39,40,41,42,43,44,45,46,47,48,49,50,51,52,53,54,55,56,57,58,59,60,61,62,63,64,65,66,67,68,69,70,71,72,73,74,75,76,77,78,79,80,81,82,83,84,85,86,87,88,89,90,91,92",0.5825580358505249,0.5826946496963501,0.5524207353591919,0.553654670715332,1.1661956310272217,1.1621367931365967,0.2565549910068512,0.25010091066360474
2,finetune_000066_v00,finetune_000066,ZnHC4O3,88,90,0.9777777777777777,-1.7628325617313385,"0,1,2,4,5,6,7,8,9,10,11,13,14,15,16,17,18,19,20,21,22,23,24,25,26,27,28,29,30,31,32,33,34,35,36,37,38,39,40,41,42,43,44,45,46,47,48,49,50,51,52,53,54,55,56,57,58,59,60,61,62,63,64,65,66,67,68,69,70,71,72,73,74,75,76,77,78,79,80,81,82,83,84,85,86,87,88,89",0.6292245388031006,0.6327300071716309,0.6655443906784058,0.6687755584716797,0.28583627939224243,0.2812572717666626,0.3083595931529999,0.30834493041038513
2,finetune_000282_v00,finetune_000282,Ho(CO2)4,91,93,0.978494623655914,-1.822892829477787,"0,1,2,3,4,5,6,7,8,9,10,11,12,13,14,15,16,17,18,19,20,21,23,24,25,26,27,28,30,31,32,33,34,35,36,37,38,39,40,41,42,43,44,45,46,47,48,49,50,51,52,53,54,55,56,57,58,59,60,61,62,63,64,65,66,67,68,69,70,71,72,73,74,75,76,77,78,79,80,81,82,83,84,85,86,87,88,89,90,91,92",0.5825580358505249,0.5824834108352661,0.5524207353591919,0.5534617900848389,1.1661956310272217,1.1623492240905762,0.2565550208091736,0.24994565546512604
2,finetune_000224_v00,finetune_000224,Ho(CO2)4,91,93,0.978494623655914,-1.8229809772968293,"0,1,2,3,4,5,6,7,8,9,10,11,13,14,15,16,18,19,20,21,22,23,24,25,26,27,28,29,30,31,32,33,34,35,36,37,38,39,40,41,42,43,44,45,46,47,48,49,50,51,52,53,54,55,56,57,58,59,60,61,62,63,64,65,66,67,68,69,70,71,72,73,74,75,76,77,78,79,80,81,82,83,84,85,86,87,88,89,90,91,92",0.5825580358505249,0.5826648473739624,0.5524207353591919,0.553629457950592,1.1661956310272217,1.1620328426361084,0.25655505061149597,0.25010964274406433
2,finetune_000232_v00,finetune_000232,MgH6C8S2(NO)4,93,95,0.9789473684210527,-1.8613253837823869,"0,2,3,4,5,6,7,8,9,10,11,13,14,15,16,17,18,19,20,21,22,23,24,25,26,27,28,29,30,31,32,33,34,35,36,37,38,39,40,41,42,43,44,45,46,47,48,49,50,51,52,53,54,55,56,57,58,59,60,61,62,63,64,65,66,67,68,69,70,71,72,73,74,75,76,77,78,79,80,81,82,83,84,85,86,87,88,89,90,91,92,93,94",1.9990133047103882,1.999290108680725,2.2171335220336914,2.217853546142578,0.6806433200836182,0.6800457835197449,1.6381899118423462,1.634482741355896
2,finetune_000140_v00,finetune_000140,PrC15NO6,107,109,0.981651376146789,-2.1416987025737764,"0,1,2,3,4,5,6,7,8,9,10,11,12,13,14,15,16,17,18,19,20,21,22,24,25,26,27,28,29,30,31,32,33,34,35,36,37,38,39,40,41,42,43,44,45,46,47,48,49,50,51,52,53,54,55,56,57,58,59,60,61,62,63,64,65,66,67,68,69,70,72,73,74,75,76,77,78,79,80,81,82,83,84,85,86,87,88,89,90,91,92,93,94,95,96,97,98,99,100,101,102,103,104,105,106,107,108",-1.1355382204055786,-1.1330612897872925,-1.1035959720611572,-1.10226309299469,-0.8826165199279785,-0.8815047740936279,-1.2271175384521484,-1.2252439260482788
2,finetune_000016_v00,finetune_000016,ErH4(CO2)4,133,135,0.9851851851851852,-2.660224679708481,"0,1,2,3,4,5,7,8,9,10,11,12,13,14,15,16,17,18,19,20,21,22,23,24,25,26,27,28,29,30,31,32,33,34,35,36,37,38,39,40,41,42,43,44,45,46,47,48,49,50,51,52,53,54,55,56,57,58,59,60,62,63,64,65,66,67,68,69,70,71,72,73,74,75,76,77,78,79,80,81,82,83,84,85,86,87,88,89,90,91,92,93,94,95,96,97,98,99,100,101,102,103,104,105,106,107,108,109,110,111,112,113,114,115,116,117,118,119,120,121,122,123,124,125,126,127,128,129,130,131,132,133,134",-1.18436861038208,-1.1839637756347656,-1.1646705865859985,-1.164515495300293,-0.8756935000419617,-0.8758183121681213,-1.2026076316833496,-1.2028214931488037
2,finetune_000248_v00,finetune_000248,YH4(CO2)4,134,136,0.9852941176470589,-2.6801650005578996,"0,1,2,3,4,5,6,7,8,9,10,11,12,13,14,15,16,18,19,20,21,22,23,24,25,26,27,28,29,30,31,32,33,34,35,36,37,38,39,40,41,42,43,44,45,46,47,48,49,50,51,52,53,54,55,56,57,58,59,60,62,63,64,65,66,67,68,69,70,71,72,73,74,75,76,77,78,79,80,81,82,83,84,85,86,87,88,89,90,91,92,93,94,95,96,97,98,99,100,101,102,103,104,105,106,107,108,109,110,111,112,113,114,115,116,117,118,119,120,121,122,123,124,125,126,127,128,129,130,131,132,133,134,135",-1.1298753023147583,-1.1292794942855835,-1.1209732294082642,-1.1210005283355713,-0.9208621978759766,-0.9208680987358093,-1.1698724031448364,-1.1698414087295532
2,finetune_000079_v00,finetune_000079,MgPHCO6,104,106,0.9811320754716981,-2.0804554837942124,"0,1,2,3,4,6,7,8,9,10,11,12,13,14,15,16,17,18,19,20,21,22,23,24,25,26,27,28,29,30,31,32,33,34,35,36,37,38,39,40,41,42,43,44,45,46,47,48,49,50,51,52,53,54,55,56,57,58,59,60,61,62,63,64,65,66,67,68,69,70,71,72,73,74,75,76,77,78,79,80,81,82,83,84,85,86,87,88,89,91,92,93,94,95,96,97,98,99,100,101,102,103,104,105",-0.6651293039321899,-0.6645607948303223,-0.7383671998977661,-0.7380284667015076,-0.8226739764213562,-0.8226653933525085,-0.8124204874038696,-0.8133265972137451
2,finetune_000031_v00,finetune_000031,Fe2C4Cl2O9,86,88,0.9772727272727273,-1.723263970836997,"0,1,2,3,4,5,6,7,8,9,10,11,12,13,14,15,16,17,18,19,20,21,23,24,25,26,27,28,29,30,31,32,33,34,35,36,37,38,40,41,42,43,44,45,46,47,48,49,50,51,52,53,54,55,56,57,58,59,60,61,62,63,64,65,66,67,68,69,70,71,72,73,74,75,76,77,78,79,80,81,82,83,84,85,86,87",-0.21961519122123718,-0.21715021133422852,-0.22317807376384735,-0.22112494707107544,0.09384226053953171,0.08814528584480286,-0.43498533964157104,-0.43782612681388855
2,finetune_000022_v00,finetune_000022,NiPC3NO3,92,94,0.9787234042553191,-1.8418686251714826,"0,1,2,3,4,6,7,8,9,10,11,12,13,14,15,16,17,18,19,20,21,22,23,24,25,26,27,28,29,30,31,32,33,34,35,36,37,38,39,40,41,42,43,44,45,46,47,48,49,50,51,52,53,54,55,56,57,58,59,60,61,62,63,64,65,67,68,69,70,71,72,73,74,75,76,77,78,79,80,81,82,83,84,85,86,87,88,89,90,91,92,93",0.22111354768276215,0.2224641889333725,0.22203795611858368,0.22429169714450836,-0.1370892971754074,-0.13611023128032684,-0.027006451040506363,-0.02989748865365982
2,finetune_000185_v00,finetune_000185,MgPHCO6,104,106,0.9811320754716981,-2.080374585390091,"0,1,3,4,5,6,7,8,9,10,11,12,13,14,15,16,17,18,19,20,21,22,23,24,25,26,27,28,29,30,31,32,33,34,35,36,37,38,39,40,41,42,43,44,46,47,48,49,50,51,52,53,54,55,56,57,58,59,60,61,62,63,64,65,66,67,68,69,70,71,72,73,74,75,76,77,78,79,80,81,82,83,84,85,86,87,88,89,90,91,92,93,94,95,96,97,98,99,100,101,102,103,104,105",-0.6651293039321899,-0.6647458076477051,-0.7383671998977661,-0.7379379272460938,-0.8226739764213562,-0.822033166885376,-0.8124204874038696,-0.8123756647109985
2,finetune_000018_v00,finetune_000018,CoHC4O3,98,100,0.98,-1.9621295957267284,"0,1,2,3,4,5,6,7,8,9,10,12,13,14,15,16,17,18,19,20,21,22,23,24,25,26,27,28,29,30,31,33,34,35,36,37,38,39,40,41,42,43,44,45,46,47,48,49,50,51,52,53,54,55,56,57,58,59,60,61,62,63,64,65,66,67,68,69,70,71,72,73,74,75,76,77,78,79,80,81,82,83,84,85,86,87,88,89,90,91,92,93,94,95,96,97,98,99",0.5769280195236206,0.5795444250106812,0.5922422409057617,0.5946111679077148,0.05194574594497681,0.049883611500263214,0.2882426381111145,0.2867717146873474
3,finetune_000002_v00,finetune_000002,LiC6N4F3,130,132,0.9848484848484849,-2.6005450993776322,"0,1,2,3,4,5,7,8,9,10,11,12,13,14,15,16,17,18,19,20,21,22,23,24,25,26,27,28,29,30,31,32,33,34,35,36,37,38,39,40,41,42,43,44,45,46,47,48,49,50,51,52,53,54,55,56,57,58,59,60,61,62,63,64,65,67,68,69,70,71,72,73,74,75,76,77,78,79,80,81,82,83,84,85,86,87,88,89,90,91,92,93,94,95,96,97,98,99,100,101,102,103,104,105,106,107,108,109,110,111,112,113,114,115,116,117,118,119,120,121,122,123,124,125,126,127,128,129,130,131",-1.0225995779037476,-1.0223349332809448,-1.033530831336975,-1.033121943473816,-0.9271001219749451,-0.9262434840202332,-1.1565066576004028,-1.1558564901351929
3,finetune_000035_v00,finetune_000035,CoH4(C3O2)2,125,127,0.984251968503937,-2.500251457095146,"0,1,2,3,4,5,6,7,8,9,10,11,12,13,14,15,17,18,19,20,21,22,23,24,25,26,27,28,29,30,31,32,33,34,35,36,37,38,39,40,41,42,43,44,45,46,47,48,49,50,51,52,53,54,55,56,57,58,59,60,61,62,63,64,65,66,67,68,69,70,71,72,73,74,75,76,77,78,79,80,81,82,83,84,85,86,87,88,89,90,91,92,93,94,95,96,97,98,99,100,101,102,103,104,105,106,107,109,110,111,112,113,114,115,116,117,118,119,120,121,122,123,124,125,126",-0.6116448044776917,-0.611666738986969,-0.6221669912338257,-0.6218550801277161,-0.6107602715492249,-0.6103540658950806,-0.722766637802124,-0.722500741481781
3,finetune_000176_v00,finetune_000176,CoPC3NO3,88,90,0.9777777777777777,-1.7611412929743528,"0,1,2,3,4,5,6,7,9,10,11,12,13,14,15,16,17,18,19,20,21,22,23,24,25,26,27,29,30,31,32,33,34,35,36,37,38,39,40,41,42,43,44,45,46,47,48,49,50,51,52,53,54,55,56,57,58,59,60,61,62,63,64,65,66,67,68,69,70,71,72,73,74,75,76,77,78,79,80,81,82,83,84,85,86,87,88,89",0.44164589047431946,0.44248613715171814,0.44953563809394836,0.4501883089542389,0.12627047300338745,0.1236424371600151,0.1722213178873062,0.17177714407444
3,finetune_000222_v00,finetune_000222,Co3H16(C9O7)2,170,172,0.9883720930232558,-3.400180900096893,"0,1,2,3,4,6,7,8,9,10,11,12,13,14,15,16,17,18,19,20,21,22,23,24,25,26,27,28,29,30,31,32,33,34,35,36,37,38,39,40,41,42,43,44,45,46,47,48,49,50,51,52,53,54,55,56,57,58,59,60,61,62,63,64,65,66,67,68,69,70,71,72,73,74,75,76,77,78,79,80,81,82,83,84,85,86,87,88,89,90,91,92,93,94,95,96,97,98,99,100,101,102,103,104,105,106,107,108,109,110,111,112,113,114,115,116,117,118,119,120,121,122,123,124,125,126,127,128,129,130,131,132,133,134,135,136,137,138,139,140,141,142,143,144,145,146,147,148,149,150,151,152,153,154,155,156,157,158,159,160,161,162,163,164,165,166,167,168,169,171",-1.031206727027893,-1.0314574241638184,-1.0757704973220825,-1.0759588479995728,-0.8503423929214478,-0.8502503633499146,-1.1156030893325806,-1.115795612335205
3,finetune_000085_v00,finetune_000085,ZnH3(CO2)3,124,126,0.9841269841269841,-2.4805107820034027,"0,1,2,3,4,5,6,7,8,9,11,12,13,14,15,16,17,18,19,20,21,22,23,24,25,26,27,28,29,31,32,33,34,35,36,37,38,39,40,41,42,43,44,45,46,47,48,49,50,51,52,53,54,55,56,57,58,59,60,61,62,63,64,65,66,67,68,69,70,71,72,73,74,75,76,77,78,79,80,81,82,83,84,85,86,87,88,89,90,91,92,93,94,95,96,97,98,99,100,101,102,103,104,105,106,107,108,109,110,111,112,113,114,115,116,117,118,119,120,121,122,123,124,125",-0.8826757669448853,-0.8826305270195007,-0.8950310349464417,-0.8946810960769653,-0.6949502825737,-0.6938188672065735,-0.9743348360061646,-0.9738182425498962
3,finetune_000271_v00,finetune_000271,Fe2C4Cl2O9,85,87,0.9770114942528736,-1.7035991128534078,"1,2,3,4,5,6,7,8,9,10,11,12,13,14,15,16,17,18,19,20,21,22,23,24,25,26,27,28,29,30,31,32,33,34,35,36,37,38,39,40,41,42,43,44,45,46,47,48,49,50,51,52,53,54,55,56,57,58,59,60,61,62,63,64,65,66,67,68,69,70,71,72,73,75,76,77,78,79,80,81,82,83,84,85,86",-0.017430640757083893,-0.016310162842273712,-0.03164364770054817,-0.03046908602118492,0.2915714681148529,0.28029194474220276,-0.2564821243286133,-0.25730401277542114
3,finetune_000168_v00,finetune_000168,CoHC4O3,98,100,0.98,-1.961004621386528,"0,1,2,3,4,5,6,7,8,9,10,11,12,13,14,15,16,18,19,20,21,22,23,24,25,26,27,28,29,30,31,32,33,34,35,36,37,38,39,40,41,42,43,44,45,46,47,48,49,50,51,52,53,54,55,56,57,58,59,60,61,62,63,64,65,66,67,68,69,70,71,72,73,74,75,76,77,78,79,80,81,82,83,84,85,86,87,88,89,90,91,92,93,94,95,96,97,98",0.6582571268081665,0.6589892506599426,0.6854299306869507,0.685135006904602,0.14631113409996033,0.1444515883922577,0.3907591998577118,0.3918910324573517
3,finetune_000246_v00,finetune_000246,Ho(CO2)4,91,93,0.978494623655914,-1.8226721805334092,"0,1,4,5,6,7,8,9,10,11,12,13,14,15,16,17,18,19,20,21,22,23,24,25,26,27,28,29,30,31,32,33,34,35,36,37,38,39,40,41,42,43,44,45,46,47,48,49,50,51,52,53,54,55,56,57,58,59,60,61,62,63,64,65,66,67,68,69,70,71,72,73,74,75,76,77,78,79,80,81,82,83,84,85,86,87,88,89,90,91,92",0.6981448531150818,0.699836254119873,0.7086313962936401,0.7102461457252502,1.319214105606079,1.3126728534698486,0.3636064827442169,0.36276522278785706
3,finetune_000083_v00,finetune_000083,CoHC4O3,98,100,0.98,-1.960852718949318,"0,1,2,4,5,6,7,8,9,10,11,12,13,14,15,16,17,18,19,20,21,22,23,24,25,26,27,28,29,30,31,32,33,34,35,36,37,38,39,40,41,42,43,44,45,46,47,48,49,50,51,52,53,54,55,56,57,58,59,60,61,62,63,64,66,67,68,69,70,71,72,73,74,75,76,77,78,79,80,81,82,83,84,85,86,87,88,89,90,91,92,93,94,95,96,97,98,99",0.6582571864128113,0.6578355431556702,0.6854299306869507,0.6843605637550354,0.14631110429763794,0.14529547095298767,0.3907592296600342,0.3898550570011139
3,finetune_000283_v00,finetune_000283,CoHC4O3,98,100,0.98,-1.9609872242808342,"0,1,2,4,5,6,7,8,9,10,11,12,13,14,15,16,17,18,19,20,21,22,23,24,25,26,27,28,30,31,32,33,34,35,36,37,38,39,40,41,42,43,44,45,46,47,48,49,50,51,52,53,54,55,56,57,58,59,60,61,62,63,64,65,66,67,68,69,70,71,72,73,74,75,76,77,78,79,80,81,82,83,84,85,86,87,88,89,90,91,92,93,94,95,96,97,98,99",0.6582571864128113,0.6590462327003479,0.6854299306869507,0.6864742636680603,0.14631113409996033,0.14743563532829285,0.39075925946235657,0.3917502462863922
3,finetune_000223_v00,finetune_000223,AlH5C8O5,114,116,0.9827586206896551,-2.280475160777569,"0,1,2,3,5,6,7,8,9,10,11,12,13,15,16,17,18,19,20,21,22,23,24,25,26,27,28,29,30,31,32,33,34,35,36,37,38,39,40,41,42,43,44,45,46,47,48,49,50,51,52,53,54,55,56,57,58,59,60,61,62,63,64,65,66,67,68,69,70,71,72,73,74,75,76,77,78,79,80,81,82,83,84,85,86,87,88,89,90,91,92,93,94,95,96,97,98,99,100,101,102,103,104,105,106,107,108,109,110,111,112,113,114,115",0.6411934494972229,0.6414328813552856,0.6870314478874207,0.6875527501106262,-0.15948906540870667,-0.16028207540512085,0.42256835103034973,0.4229152500629425
3,finetune_000253_v00,finetune_000253,ErH2C5O6,114,116,0.9827586206896551,-2.2811546164751055,"0,1,2,4,5,6,7,8,9,10,11,12,13,14,15,16,17,18,19,20,21,22,23,24,25,26,27,28,29,30,31,32,33,34,35,36,37,38,39,40,41,42,43,44,45,46,47,48,49,50,51,52,53,54,55,56,57,58,59,60,61,62,63,64,65,66,67,68,69,70,71,72,73,74,75,76,77,78,79,80,81,82,83,84,85,86,87,88,89,90,91,92,93,94,95,96,97,98,99,101,102,103,104,105,106,107,108,109,110,111,112,113,114,115",-1.157301425933838,-1.1554749011993408,-1.1645598411560059,-1.1629759073257446,-0.7802422046661377,-0.7801863551139832,-1.218930959701538,-1.2177788019180298
3,finetune_000159_v00,finetune_000159,Ho(CO2)4,91,93,0.978494623655914,-1.8226957020163537,"0,1,3,4,5,6,7,8,9,10,11,12,13,14,15,16,17,18,19,20,21,22,23,24,25,26,27,28,29,30,31,32,33,34,35,36,37,38,39,40,41,42,43,44,45,46,47,48,49,50,51,52,53,54,55,56,57,58,59,60,61,62,63,64,65,66,67,68,69,70,71,72,73,74,75,76,77,78,79,80,81,82,84,85,86,87,88,89,90,91,92",0.6981448531150818,0.6995289325714111,0.7086313962936401,0.7098784446716309,1.319214105606079,1.312445878982544,0.36360645294189453,0.3622230291366577
3,finetune_000028_v00,finetune_000028,CuHC4O3,100,102,0.9803921568627451,-2.00104109197855,"0,1,2,3,4,5,6,8,9,10,11,12,13,14,15,16,17,18,19,20,21,22,23,24,25,26,27,28,29,30,31,32,33,34,35,36,37,38,39,40,41,42,43,44,45,46,47,48,49,50,51,52,53,54,55,56,57,58,59,60,61,62,63,64,65,66,67,68,69,70,71,72,73,74,75,76,77,78,79,80,81,83,84,85,86,87,88,89,90,91,92,93,94,95,96,97,98,99,100,101",-0.15753626823425293,-0.15643519163131714,-0.1544896513223648,-0.15318980813026428,-0.26582321524620056,-0.2668429911136627,-0.3610953092575073,-0.3603516221046448
3,finetune_000260_v00,finetune_000260,CuHC4O3,100,102,0.9803921568627451,-2.0008713230490685,"0,1,2,3,5,6,7,8,9,10,11,12,13,14,15,16,17,18,19,20,21,22,23,24,25,26,27,28,29,30,31,32,33,34,35,36,37,38,39,40,41,42,43,44,45,46,47,48,49,50,52,53,54,55,56,57,58,59,60,61,62,63,64,65,66,67,68,69,70,71,72,73,74,75,76,77,78,79,80,81,82,83,84,85,86,87,88,89,90,91,92,93,94,95,96,97,98,99,100,101",-0.15753626823425293,-0.15667715668678284,-0.154489666223526,-0.15344320237636566,-0.26582321524620056,-0.2669254541397095,-0.3610953092575073,-0.3606177866458893
3,finetune_000112_v00,finetune_000112,FeH3(CO2)3,124,126,0.9841269841269841,-2.4805780458450317,"0,1,2,4,5,6,7,8,9,10,11,12,13,14,15,16,17,18,19,20,21,23,24,25,26,27,28,29,30,31,32,33,34,35,36,37,38,39,40,41,42,43,44,45,46,47,48,49,50,51,52,53,54,55,56,57,58,59,60,61,62,63,64,65,66,67,68,69,70,71,72,73,74,75,76,77,78,79,80,81,82,83,84,85,86,87,88,89,90,91,92,93,94,95,96,97,98,99,100,101,102,103,104,105,106,107,108,109,110,111,112,113,114,115,116,117,118,119,120,121,122,123,124,125",-0.9631302952766418,-0.9623168110847473,-0.9983338117599487,-0.9975252151489258,-0.8493736386299133,-0.8494746088981628,-1.0667387247085571,-1.0661495923995972
3,finetune_000051_v00,finetune_000051,CoHC4O3,98,100,0.98,-1.9602466440200805,"0,2,3,4,5,6,7,8,9,10,11,12,13,14,15,16,17,18,19,20,21,22,23,24,25,26,27,28,29,31,32,33,34,35,36,37,38,39,40,41,42,43,44,45,46,47,48,49,50,51,52,53,54,55,56,57,58,59,60,61,62,63,64,65,66,67,68,69,70,71,72,73,74,75,76,77,78,79,80,81,82,83,84,85,86,87,88,89,90,91,92,93,94,95,96,97,98,99",0.6582571268081665,0.6582217216491699,0.6854299306869507,0.6854966878890991,0.14631113409996033,0.1469833254814148,0.3907592296600342,0.3905470669269562
3,finetune_000038_v00,finetune_000038,CoHC4O3,98,100,0.98,-1.9609890273213386,"0,1,2,3,4,5,6,7,8,9,10,11,12,14,15,16,17,19,20,21,22,23,24,25,26,27,28,29,30,31,32,33,34,35,36,37,38,39,40,41,42,43,44,45,46,47,48,49,50,51,52,53,54,55,56,57,58,59,60,61,62,63,64,65,66,67,68,69,70,71,72,73,74,75,76,77,78,79,80,81,82,83,84,85,86,87,88,89,90,91,92,93,94,95,96,97,98,99",0.6582571268081665,0.65880286693573,0.6854299306869507,0.685437798500061,0.14631110429763794,0.14304596185684204,0.3907592296600342,0.3906218111515045
3,finetune_000195_v00,finetune_000195,CoHC4O3,98,100,0.98,-1.9609986087679863,"0,1,2,3,4,6,7,8,9,10,11,12,13,14,15,16,17,19,20,21,22,23,24,25,26,27,28,29,30,31,32,33,34,35,36,37,38,39,40,41,42,43,44,45,46,47,48,49,50,51,52,53,54,55,56,57,58,59,60,61,62,63,64,65,66,67,68,69,70,71,72,73,74,75,76,77,78,79,80,81,82,83,84,85,86,87,88,89,90,91,92,93,94,95,96,97,98,99",0.6582571864128113,0.658894956111908,0.6854299306869507,0.6855388879776001,0.14631113409996033,0.14307522773742676,0.3907592296600342,0.39074745774269104
3,finetune_000029_v00,finetune_000029,PrH4(C3O4)2,151,153,0.9869281045751634,-3.0205268454551697,"0,1,2,3,5,6,7,8,9,10,11,12,13,14,15,16,17,18,19,20,21,22,23,25,26,27,28,29,30,31,32,33,34,35,36,37,38,39,40,41,42,43,44,45,46,47,48,49,50,51,52,53,54,55,56,57,58,59,60,61,62,63,64,65,66,67,68,69,70,71,72,73,74,75,76,77,78,79,80,81,82,83,84,85,86,87,88,89,90,91,92,93,94,95,96,97,98,99,100,101,102,103,104,105,106,107,108,109,110,111,112,113,114,115,116,117,118,119,120,121,122,123,124,125,126,127,128,129,130,131,132,133,134,135,136,137,138,139,140,141,142,143,144,145,146,147,148,149,150,151,152",-1.1017684936523438,-1.1010754108428955,-1.0993609428405762,-1.0987327098846436,-0.7405477166175842,-0.740909993648529,-1.1612920761108398,-1.1608682870864868
